"LOCATION","INDICATOR","SUBJECT","MEASURE","FREQUENCY","TIME","Value","Flag Codes"
"AUT","CPI","FOOD","AGRWTH","M","2022-10",14.37008,
"AUT","CPI","FOOD","AGRWTH","M","2022-11",15.21099,
"AUT","CPI","FOOD","AGRWTH","M","2022-12",16.09756,
"AUT","CPI","FOOD","AGRWTH","M","2023-01",16.99219,
"AUT","CPI","FOOD","AGRWTH","M","2023-02",16.1597,
"AUT","CPI","FOOD","AGRWTH","M","2023-03",14.51311,
"AUT","CPI","FOOD","AGRWTH","M","2023-04",13.23529,
"AUT","CPI","FOOD","AGRWTH","M","2023-05",12.27273,
"AUT","CPI","FOOD","AGRWTH","M","2023-06",11.08132,
"AUT","CPI","FOOD","AGRWTH","M","2023-07",10.5403,
"AUT","CPI","FOOD","AGRWTH","M","2023-08",9.824561,
"AUT","CPI","FOOD","AGRWTH","M","2023-09",8.355091,
"AUT","CPI","FOOD","AGRWTH","M","2023-10",7.228916,
"AUT","CPI","TOT","AGRWTH","M","2022-10",11.04707,
"AUT","CPI","TOT","AGRWTH","M","2022-11",10.5916,
"AUT","CPI","TOT","AGRWTH","M","2022-12",10.1518,
"AUT","CPI","TOT","AGRWTH","M","2023-01",11.20608,
"AUT","CPI","TOT","AGRWTH","M","2023-02",10.8818,
"AUT","CPI","TOT","AGRWTH","M","2023-03",9.191176,
"AUT","CPI","TOT","AGRWTH","M","2023-04",9.624198,
"AUT","CPI","TOT","AGRWTH","M","2023-05",8.909091,
"AUT","CPI","TOT","AGRWTH","M","2023-06",7.982063,
"AUT","CPI","TOT","AGRWTH","M","2023-07",7.015986,
"AUT","CPI","TOT","AGRWTH","M","2023-08",7.371225,
"AUT","CPI","TOT","AGRWTH","M","2023-09",6.026201,
"AUT","CPI","TOT","AGRWTH","M","2023-10",5.363322,
"BEL","CPI","FOOD","AGRWTH","M","2022-10",12.9164,
"BEL","CPI","FOOD","AGRWTH","M","2022-11",15.13356,
"BEL","CPI","FOOD","AGRWTH","M","2022-12",15.15702,
"BEL","CPI","FOOD","AGRWTH","M","2023-01",16.42813,
"BEL","CPI","FOOD","AGRWTH","M","2023-02",16.77254,
"BEL","CPI","FOOD","AGRWTH","M","2023-03",18.02396,
"BEL","CPI","FOOD","AGRWTH","M","2023-04",17.57,
"BEL","CPI","FOOD","AGRWTH","M","2023-05",16.38745,
"BEL","CPI","FOOD","AGRWTH","M","2023-06",15.06437,
"BEL","CPI","FOOD","AGRWTH","M","2023-07",13.8578,
"BEL","CPI","FOOD","AGRWTH","M","2023-08",13.41483,
"BEL","CPI","FOOD","AGRWTH","M","2023-09",11.43472,
"BEL","CPI","FOOD","AGRWTH","M","2023-10",9.461414,
"BEL","CPI","TOT","AGRWTH","M","2022-10",12.26795,
"BEL","CPI","TOT","AGRWTH","M","2022-11",10.62873,
"BEL","CPI","TOT","AGRWTH","M","2022-12",10.35079,
"BEL","CPI","TOT","AGRWTH","M","2023-01",8.045977,
"BEL","CPI","TOT","AGRWTH","M","2023-02",6.617956,
"BEL","CPI","TOT","AGRWTH","M","2023-03",6.667223,
"BEL","CPI","TOT","AGRWTH","M","2023-04",5.60413,
"BEL","CPI","TOT","AGRWTH","M","2023-05",5.197917,
"BEL","CPI","TOT","AGRWTH","M","2023-06",4.154376,
"BEL","CPI","TOT","AGRWTH","M","2023-07",4.13653,
"BEL","CPI","TOT","AGRWTH","M","2023-08",4.087062,
"BEL","CPI","TOT","AGRWTH","M","2023-09",2.387416,
"BEL","CPI","TOT","AGRWTH","M","2023-10",0.3587864,
"CAN","CPI","FOOD","AGRWTH","M","2022-10",11.03979,
"CAN","CPI","FOOD","AGRWTH","M","2022-11",11.41408,
"CAN","CPI","FOOD","AGRWTH","M","2022-12",11.02015,
"CAN","CPI","FOOD","AGRWTH","M","2023-01",11.39319,
"CAN","CPI","FOOD","AGRWTH","M","2023-02",10.55522,
"CAN","CPI","FOOD","AGRWTH","M","2023-03",9.656005,
"CAN","CPI","FOOD","AGRWTH","M","2023-04",9.11271,
"CAN","CPI","FOOD","AGRWTH","M","2023-05",9.020772,
"CAN","CPI","FOOD","AGRWTH","M","2023-06",9.090909,
"CAN","CPI","FOOD","AGRWTH","M","2023-07",8.485562,
"CAN","CPI","FOOD","AGRWTH","M","2023-08",6.942824,
"CAN","CPI","FOOD","AGRWTH","M","2023-09",5.777008,
"CAN","CPI","FOOD","AGRWTH","M","2023-10",5.433526,
"CAN","CPI","TOT","AGRWTH","M","2022-10",6.879777,
"CAN","CPI","TOT","AGRWTH","M","2022-11",6.796116,
"CAN","CPI","TOT","AGRWTH","M","2022-12",6.319445,
"CAN","CPI","TOT","AGRWTH","M","2023-01",5.918789,
"CAN","CPI","TOT","AGRWTH","M","2023-02",5.245232,
"CAN","CPI","TOT","AGRWTH","M","2023-03",4.298187,
"CAN","CPI","TOT","AGRWTH","M","2023-04",4.405875,
"CAN","CPI","TOT","AGRWTH","M","2023-05",3.357472,
"CAN","CPI","TOT","AGRWTH","M","2023-06",2.812296,
"CAN","CPI","TOT","AGRWTH","M","2023-07",3.265839,
"CAN","CPI","TOT","AGRWTH","M","2023-08",3.997379,
"CAN","CPI","TOT","AGRWTH","M","2023-09",3.798297,
"CAN","CPI","TOT","AGRWTH","M","2023-10",3.120936,
"CZE","CPI","FOOD","AGRWTH","M","2022-10",25.0662,
"CZE","CPI","FOOD","AGRWTH","M","2022-11",26.0262,
"CZE","CPI","FOOD","AGRWTH","M","2022-12",25.4987,
"CZE","CPI","FOOD","AGRWTH","M","2023-01",24.83389,
"CZE","CPI","FOOD","AGRWTH","M","2023-02",23.91482,
"CZE","CPI","FOOD","AGRWTH","M","2023-03",23.49594,
"CZE","CPI","FOOD","AGRWTH","M","2023-04",17.26845,
"CZE","CPI","FOOD","AGRWTH","M","2023-05",14.50266,
"CZE","CPI","FOOD","AGRWTH","M","2023-06",12.03566,
"CZE","CPI","FOOD","AGRWTH","M","2023-07",9.516837,
"CZE","CPI","FOOD","AGRWTH","M","2023-08",7.93882,
"CZE","CPI","FOOD","AGRWTH","M","2023-09",5.959302,
"CZE","CPI","FOOD","AGRWTH","M","2023-10",3.740296,
"CZE","CPI","TOT","AGRWTH","M","2022-10",15.09275,
"CZE","CPI","TOT","AGRWTH","M","2022-11",16.24579,
"CZE","CPI","TOT","AGRWTH","M","2022-12",15.75859,
"CZE","CPI","TOT","AGRWTH","M","2023-01",17.49599,
"CZE","CPI","TOT","AGRWTH","M","2023-02",16.71949,
"CZE","CPI","TOT","AGRWTH","M","2023-03",14.96493,
"CZE","CPI","TOT","AGRWTH","M","2023-04",12.71057,
"CZE","CPI","TOT","AGRWTH","M","2023-05",11.06095,
"CZE","CPI","TOT","AGRWTH","M","2023-06",9.703704,
"CZE","CPI","TOT","AGRWTH","M","2023-07",8.77193,
"CZE","CPI","TOT","AGRWTH","M","2023-08",8.515284,
"CZE","CPI","TOT","AGRWTH","M","2023-09",6.859206,
"CZE","CPI","TOT","AGRWTH","M","2023-10",8.498169,
"DNK","CPI","FOOD","AGRWTH","M","2022-10",15.72505,
"DNK","CPI","FOOD","AGRWTH","M","2022-11",15.31279,
"DNK","CPI","FOOD","AGRWTH","M","2022-12",14.88152,
"DNK","CPI","FOOD","AGRWTH","M","2023-01",14.45672,
"DNK","CPI","FOOD","AGRWTH","M","2023-02",14.80144,
"DNK","CPI","FOOD","AGRWTH","M","2023-03",15.79422,
"DNK","CPI","FOOD","AGRWTH","M","2023-04",13.12057,
"DNK","CPI","FOOD","AGRWTH","M","2023-05",10.60345,
"DNK","CPI","FOOD","AGRWTH","M","2023-06",8.808724,
"DNK","CPI","FOOD","AGRWTH","M","2023-07",6.590724,
"DNK","CPI","FOOD","AGRWTH","M","2023-08",5.04065,
"DNK","CPI","FOOD","AGRWTH","M","2023-09",4.987735,
"DNK","CPI","FOOD","AGRWTH","M","2023-10",3.661513,
"DNK","CPI","TOT","AGRWTH","M","2022-10",10.11236,
"DNK","CPI","TOT","AGRWTH","M","2022-11",8.870214,
"DNK","CPI","TOT","AGRWTH","M","2022-12",8.724202,
"DNK","CPI","TOT","AGRWTH","M","2023-01",7.678076,
"DNK","CPI","TOT","AGRWTH","M","2023-02",7.600733,
"DNK","CPI","TOT","AGRWTH","M","2023-03",6.733394,
"DNK","CPI","TOT","AGRWTH","M","2023-04",5.282005,
"DNK","CPI","TOT","AGRWTH","M","2023-05",2.928128,
"DNK","CPI","TOT","AGRWTH","M","2023-06",2.464789,
"DNK","CPI","TOT","AGRWTH","M","2023-07",3.133159,
"DNK","CPI","TOT","AGRWTH","M","2023-08",2.436902,
"DNK","CPI","TOT","AGRWTH","M","2023-09",0.8591065,
"DNK","CPI","TOT","AGRWTH","M","2023-10",0.08503401,
"FIN","CPI","FOOD","AGRWTH","M","2022-10",15.73261,
"FIN","CPI","FOOD","AGRWTH","M","2022-11",16.06406,
"FIN","CPI","FOOD","AGRWTH","M","2022-12",16.03347,
"FIN","CPI","FOOD","AGRWTH","M","2023-01",15.42954,
"FIN","CPI","FOOD","AGRWTH","M","2023-02",16.26936,
"FIN","CPI","FOOD","AGRWTH","M","2023-03",16.19258,
"FIN","CPI","FOOD","AGRWTH","M","2023-04",13.70725,
"FIN","CPI","FOOD","AGRWTH","M","2023-05",11.08444,
"FIN","CPI","FOOD","AGRWTH","M","2023-06",9.217804,
"FIN","CPI","FOOD","AGRWTH","M","2023-07",8.156029,
"FIN","CPI","FOOD","AGRWTH","M","2023-08",6.805424,
"FIN","CPI","FOOD","AGRWTH","M","2023-09",4.641921,
"FIN","CPI","FOOD","AGRWTH","M","2023-10",3.975663,
"FIN","CPI","TOT","AGRWTH","M","2022-10",8.310766,
"FIN","CPI","TOT","AGRWTH","M","2022-11",9.138235,
"FIN","CPI","TOT","AGRWTH","M","2022-12",9.145037,
"FIN","CPI","TOT","AGRWTH","M","2023-01",8.446692,
"FIN","CPI","TOT","AGRWTH","M","2023-02",8.796635,
"FIN","CPI","TOT","AGRWTH","M","2023-03",7.931501,
"FIN","CPI","TOT","AGRWTH","M","2023-04",7.924528,
"FIN","CPI","TOT","AGRWTH","M","2023-05",6.819794,
"FIN","CPI","TOT","AGRWTH","M","2023-06",6.269261,
"FIN","CPI","TOT","AGRWTH","M","2023-07",6.45954,
"FIN","CPI","TOT","AGRWTH","M","2023-08",5.612558,
"FIN","CPI","TOT","AGRWTH","M","2023-09",5.534285,
"FIN","CPI","TOT","AGRWTH","M","2023-10",4.853867,
"FRA","CPI","FOOD","AGRWTH","M","2022-10",12.86582,
"FRA","CPI","FOOD","AGRWTH","M","2022-11",12.97892,
"FRA","CPI","FOOD","AGRWTH","M","2022-12",12.86678,
"FRA","CPI","FOOD","AGRWTH","M","2023-01",14.15633,
"FRA","CPI","FOOD","AGRWTH","M","2023-02",15.78235,
"FRA","CPI","FOOD","AGRWTH","M","2023-03",16.90355,
"FRA","CPI","FOOD","AGRWTH","M","2023-04",15.72045,
"FRA","CPI","FOOD","AGRWTH","M","2023-05",14.94553,
"FRA","CPI","FOOD","AGRWTH","M","2023-06",14.26843,
"FRA","CPI","FOOD","AGRWTH","M","2023-07",13.17591,
"FRA","CPI","FOOD","AGRWTH","M","2023-08",11.60151,
"FRA","CPI","FOOD","AGRWTH","M","2023-09",9.94934,
"FRA","CPI","FOOD","AGRWTH","M","2023-10",7.982714,
"FRA","CPI","TOT","AGRWTH","M","2022-10",6.200466,
"FRA","CPI","TOT","AGRWTH","M","2022-11",6.15013,
"FRA","CPI","TOT","AGRWTH","M","2022-12",5.850718,
"FRA","CPI","TOT","AGRWTH","M","2023-01",5.993341,
"FRA","CPI","TOT","AGRWTH","M","2023-02",6.278686,
"FRA","CPI","TOT","AGRWTH","M","2023-03",5.701873,
"FRA","CPI","TOT","AGRWTH","M","2023-04",5.884473,
"FRA","CPI","TOT","AGRWTH","M","2023-05",5.119943,
"FRA","CPI","TOT","AGRWTH","M","2023-06",4.53132,
"FRA","CPI","TOT","AGRWTH","M","2023-07",4.288119,
"FRA","CPI","TOT","AGRWTH","M","2023-08",4.859764,
"FRA","CPI","TOT","AGRWTH","M","2023-09",4.896221,
"FRA","CPI","TOT","AGRWTH","M","2023-10",3.977173,
"DEU","CPI","FOOD","AGRWTH","M","2022-10",18.91368,
"DEU","CPI","FOOD","AGRWTH","M","2022-11",19.4605,
"DEU","CPI","FOOD","AGRWTH","M","2022-12",19.37023,
"DEU","CPI","FOOD","AGRWTH","M","2023-01",19.24883,
"DEU","CPI","FOOD","AGRWTH","M","2023-02",20.72491,
"DEU","CPI","FOOD","AGRWTH","M","2023-03",21.19816,
"DEU","CPI","FOOD","AGRWTH","M","2023-04",16.78572,
"DEU","CPI","FOOD","AGRWTH","M","2023-05",14.47368,
"DEU","CPI","FOOD","AGRWTH","M","2023-06",13.3913,
"DEU","CPI","FOOD","AGRWTH","M","2023-07",10.91219,
"DEU","CPI","FOOD","AGRWTH","M","2023-08",9.083263,
"DEU","CPI","FOOD","AGRWTH","M","2023-09",7.68595,
"DEU","CPI","FOOD","AGRWTH","M","2023-10",6.362154,
"DEU","CPI","TOT","AGRWTH","M","2022-10",8.820709,
"DEU","CPI","TOT","AGRWTH","M","2022-11",8.803827,
"DEU","CPI","TOT","AGRWTH","M","2022-12",8.118434,
"DEU","CPI","TOT","AGRWTH","M","2023-01",8.65019,
"DEU","CPI","TOT","AGRWTH","M","2023-02",8.679245,
"DEU","CPI","TOT","AGRWTH","M","2023-03",7.400555,
"DEU","CPI","TOT","AGRWTH","M","2023-04",7.169117,
"DEU","CPI","TOT","AGRWTH","M","2023-05",6.102004,
"DEU","CPI","TOT","AGRWTH","M","2023-06",6.375227,
"DEU","CPI","TOT","AGRWTH","M","2023-07",6.165005,
"DEU","CPI","TOT","AGRWTH","M","2023-08",6.142728,
"DEU","CPI","TOT","AGRWTH","M","2023-09",4.525289,
"DEU","CPI","TOT","AGRWTH","M","2023-10",3.788546,
"GRC","CPI","FOOD","AGRWTH","M","2022-10",14.80298,
"GRC","CPI","FOOD","AGRWTH","M","2022-11",15.01569,
"GRC","CPI","FOOD","AGRWTH","M","2022-12",15.47614,
"GRC","CPI","FOOD","AGRWTH","M","2023-01",15.35872,
"GRC","CPI","FOOD","AGRWTH","M","2023-02",14.80341,
"GRC","CPI","FOOD","AGRWTH","M","2023-03",14.33821,
"GRC","CPI","FOOD","AGRWTH","M","2023-04",11.38578,
"GRC","CPI","FOOD","AGRWTH","M","2023-05",11.60537,
"GRC","CPI","FOOD","AGRWTH","M","2023-06",12.21328,
"GRC","CPI","FOOD","AGRWTH","M","2023-07",12.3465,
"GRC","CPI","FOOD","AGRWTH","M","2023-08",10.74712,
"GRC","CPI","FOOD","AGRWTH","M","2023-09",9.440512,
"GRC","CPI","FOOD","AGRWTH","M","2023-10",9.9313,
"GRC","CPI","TOT","AGRWTH","M","2022-10",9.06504,
"GRC","CPI","TOT","AGRWTH","M","2022-11",8.539313,
"GRC","CPI","TOT","AGRWTH","M","2022-12",7.224042,
"GRC","CPI","TOT","AGRWTH","M","2023-01",6.98927,
"GRC","CPI","TOT","AGRWTH","M","2023-02",6.126267,
"GRC","CPI","TOT","AGRWTH","M","2023-03",4.572855,
"GRC","CPI","TOT","AGRWTH","M","2023-04",3.039219,
"GRC","CPI","TOT","AGRWTH","M","2023-05",2.781513,
"GRC","CPI","TOT","AGRWTH","M","2023-06",1.760478,
"GRC","CPI","TOT","AGRWTH","M","2023-07",2.470822,
"GRC","CPI","TOT","AGRWTH","M","2023-08",2.744105,
"GRC","CPI","TOT","AGRWTH","M","2023-09",1.62896,
"GRC","CPI","TOT","AGRWTH","M","2023-10",3.398893,
"HUN","CPI","FOOD","AGRWTH","M","2022-10",42.91146,
"HUN","CPI","FOOD","AGRWTH","M","2022-11",47.09052,
"HUN","CPI","FOOD","AGRWTH","M","2022-12",47.84918,
"HUN","CPI","FOOD","AGRWTH","M","2023-01",46.88946,
"HUN","CPI","FOOD","AGRWTH","M","2023-02",45.80613,
"HUN","CPI","FOOD","AGRWTH","M","2023-03",44.76144,
"HUN","CPI","FOOD","AGRWTH","M","2023-04",38.96535,
"HUN","CPI","FOOD","AGRWTH","M","2023-05",33.98992,
"HUN","CPI","FOOD","AGRWTH","M","2023-06",29.30958,
"HUN","CPI","FOOD","AGRWTH","M","2023-07",21.94291,
"HUN","CPI","FOOD","AGRWTH","M","2023-08",17.87479,
"HUN","CPI","FOOD","AGRWTH","M","2023-09",13.2113,
"HUN","CPI","FOOD","AGRWTH","M","2023-10",7.905739,
"HUN","CPI","TOT","AGRWTH","M","2022-10",21.1,
"HUN","CPI","TOT","AGRWTH","M","2022-11",22.5,
"HUN","CPI","TOT","AGRWTH","M","2022-12",24.5,
"HUN","CPI","TOT","AGRWTH","M","2023-01",25.7,
"HUN","CPI","TOT","AGRWTH","M","2023-02",25.4,
"HUN","CPI","TOT","AGRWTH","M","2023-03",25.2,
"HUN","CPI","TOT","AGRWTH","M","2023-04",24,
"HUN","CPI","TOT","AGRWTH","M","2023-05",21.5,
"HUN","CPI","TOT","AGRWTH","M","2023-06",20.1,
"HUN","CPI","TOT","AGRWTH","M","2023-07",17.6,
"HUN","CPI","TOT","AGRWTH","M","2023-08",16.4,
"HUN","CPI","TOT","AGRWTH","M","2023-09",12.2,
"HUN","CPI","TOT","AGRWTH","M","2023-10",9.9,
"ISL","CPI","FOOD","AGRWTH","M","2022-10",9.579776,
"ISL","CPI","FOOD","AGRWTH","M","2022-11",10.18245,
"ISL","CPI","FOOD","AGRWTH","M","2022-12",10.06962,
"ISL","CPI","FOOD","AGRWTH","M","2023-01",10.81266,
"ISL","CPI","FOOD","AGRWTH","M","2023-02",12.08027,
"ISL","CPI","FOOD","AGRWTH","M","2023-03",12.23893,
"ISL","CPI","FOOD","AGRWTH","M","2023-04",12.45159,
"ISL","CPI","FOOD","AGRWTH","M","2023-05",12.31116,
"ISL","CPI","FOOD","AGRWTH","M","2023-06",12.06557,
"ISL","CPI","FOOD","AGRWTH","M","2023-07",12.38401,
"ISL","CPI","FOOD","AGRWTH","M","2023-08",12.15077,
"ISL","CPI","FOOD","AGRWTH","M","2023-09",12.35346,
"ISL","CPI","FOOD","AGRWTH","M","2023-10",11.70542,
"ISL","CPI","TOT","AGRWTH","M","2022-10",9.405343,
"ISL","CPI","TOT","AGRWTH","M","2022-11",9.332962,
"ISL","CPI","TOT","AGRWTH","M","2022-12",9.55474,
"ISL","CPI","TOT","AGRWTH","M","2023-01",9.942731,
"ISL","CPI","TOT","AGRWTH","M","2023-02",10.19566,
"ISL","CPI","TOT","AGRWTH","M","2023-03",9.808475,
"ISL","CPI","TOT","AGRWTH","M","2023-04",9.889362,
"ISL","CPI","TOT","AGRWTH","M","2023-05",9.467032,
"ISL","CPI","TOT","AGRWTH","M","2023-06",8.873184,
"ISL","CPI","TOT","AGRWTH","M","2023-07",7.646713,
"ISL","CPI","TOT","AGRWTH","M","2023-08",7.694613,
"ISL","CPI","TOT","AGRWTH","M","2023-09",7.963643,
"ISL","CPI","TOT","AGRWTH","M","2023-10",7.896317,
"IRL","CPI","FOOD","AGRWTH","M","2022-10",10.56485,
"IRL","CPI","FOOD","AGRWTH","M","2022-11",11.18077,
"IRL","CPI","FOOD","AGRWTH","M","2022-12",11.74636,
"IRL","CPI","FOOD","AGRWTH","M","2023-01",12.79917,
"IRL","CPI","FOOD","AGRWTH","M","2023-02",13.09278,
"IRL","CPI","FOOD","AGRWTH","M","2023-03",13.07457,
"IRL","CPI","FOOD","AGRWTH","M","2023-04",13.06991,
"IRL","CPI","FOOD","AGRWTH","M","2023-05",12.67606,
"IRL","CPI","FOOD","AGRWTH","M","2023-06",10.22616,
"IRL","CPI","FOOD","AGRWTH","M","2023-07",8.817829,
"IRL","CPI","FOOD","AGRWTH","M","2023-08",8.180943,
"IRL","CPI","FOOD","AGRWTH","M","2023-09",7.839388,
"IRL","CPI","FOOD","AGRWTH","M","2023-10",7.000946,
"IRL","CPI","TOT","AGRWTH","M","2022-10",9.159584,
"IRL","CPI","TOT","AGRWTH","M","2022-11",8.920188,
"IRL","CPI","TOT","AGRWTH","M","2022-12",8.224299,
"IRL","CPI","TOT","AGRWTH","M","2023-01",7.786116,
"IRL","CPI","TOT","AGRWTH","M","2023-02",8.457249,
"IRL","CPI","TOT","AGRWTH","M","2023-03",7.664234,
"IRL","CPI","TOT","AGRWTH","M","2023-04",7.233273,
"IRL","CPI","TOT","AGRWTH","M","2023-05",6.630825,
"IRL","CPI","TOT","AGRWTH","M","2023-06",6.100796,
"IRL","CPI","TOT","AGRWTH","M","2023-07",5.809859,
"IRL","CPI","TOT","AGRWTH","M","2023-08",6.32689,
"IRL","CPI","TOT","AGRWTH","M","2023-09",6.414763,
"IRL","CPI","TOT","AGRWTH","M","2023-10",5.103806,
"ITA","CPI","FOOD","AGRWTH","M","2022-10",13.54657,
"ITA","CPI","FOOD","AGRWTH","M","2022-11",13.6194,
"ITA","CPI","FOOD","AGRWTH","M","2022-12",13.14815,
"ITA","CPI","FOOD","AGRWTH","M","2023-01",12.60274,
"ITA","CPI","FOOD","AGRWTH","M","2023-02",13.20072,
"ITA","CPI","FOOD","AGRWTH","M","2023-03",13.17204,
"ITA","CPI","FOOD","AGRWTH","M","2023-04",12.12389,
"ITA","CPI","FOOD","AGRWTH","M","2023-05",11.8007,
"ITA","CPI","FOOD","AGRWTH","M","2023-06",10.97666,
"ITA","CPI","FOOD","AGRWTH","M","2023-07",10.68966,
"ITA","CPI","FOOD","AGRWTH","M","2023-08",9.91453,
"ITA","CPI","FOOD","AGRWTH","M","2023-09",8.530405,
"ITA","CPI","FOOD","AGRWTH","M","2023-10",6.462303,
"ITA","CPI","TOT","AGRWTH","M","2022-10",11.83712,
"ITA","CPI","TOT","AGRWTH","M","2022-11",11.77024,
"ITA","CPI","TOT","AGRWTH","M","2022-12",11.63227,
"ITA","CPI","TOT","AGRWTH","M","2023-01",9.9723,
"ITA","CPI","TOT","AGRWTH","M","2023-02",9.149131,
"ITA","CPI","TOT","AGRWTH","M","2023-03",7.608696,
"ITA","CPI","TOT","AGRWTH","M","2023-04",8.159565,
"ITA","CPI","TOT","AGRWTH","M","2023-05",7.643885,
"ITA","CPI","TOT","AGRWTH","M","2023-06",6.4,
"ITA","CPI","TOT","AGRWTH","M","2023-07",5.929204,
"ITA","CPI","TOT","AGRWTH","M","2023-08",5.443371,
"ITA","CPI","TOT","AGRWTH","M","2023-09",5.341506,
"ITA","CPI","TOT","AGRWTH","M","2023-10",1.69348,
"JPN","CPI","FOOD","AGRWTH","M","2022-10",6.435644,
"JPN","CPI","FOOD","AGRWTH","M","2022-11",7.234886,
"JPN","CPI","FOOD","AGRWTH","M","2022-12",7.227723,
"JPN","CPI","FOOD","AGRWTH","M","2023-01",7.519531,
"JPN","CPI","FOOD","AGRWTH","M","2023-02",7.692307,
"JPN","CPI","FOOD","AGRWTH","M","2023-03",7.968902,
"JPN","CPI","FOOD","AGRWTH","M","2023-04",8.712488,
"JPN","CPI","FOOD","AGRWTH","M","2023-05",8.959538,
"JPN","CPI","FOOD","AGRWTH","M","2023-06",8.854668,
"JPN","CPI","FOOD","AGRWTH","M","2023-07",9.395973,
"JPN","CPI","FOOD","AGRWTH","M","2023-08",9.246902,
"JPN","CPI","FOOD","AGRWTH","M","2023-09",9.698682,
"JPN","CPI","FOOD","AGRWTH","M","2023-10",9.767442,
"JPN","CPI","TOT","AGRWTH","M","2022-10",3.7,
"JPN","CPI","TOT","AGRWTH","M","2022-11",3.8,
"JPN","CPI","TOT","AGRWTH","M","2022-12",4,
"JPN","CPI","TOT","AGRWTH","M","2023-01",4.3,
"JPN","CPI","TOT","AGRWTH","M","2023-02",3.3,
"JPN","CPI","TOT","AGRWTH","M","2023-03",3.2,
"JPN","CPI","TOT","AGRWTH","M","2023-04",3.5,
"JPN","CPI","TOT","AGRWTH","M","2023-05",3.2,
"JPN","CPI","TOT","AGRWTH","M","2023-06",3.3,
"JPN","CPI","TOT","AGRWTH","M","2023-07",3.3,
"JPN","CPI","TOT","AGRWTH","M","2023-08",3.2,
"JPN","CPI","TOT","AGRWTH","M","2023-09",3,
"JPN","CPI","TOT","AGRWTH","M","2023-10",3.3,
"KOR","CPI","FOOD","AGRWTH","M","2022-10",7.543103,
"KOR","CPI","FOOD","AGRWTH","M","2022-11",4.811189,
"KOR","CPI","FOOD","AGRWTH","M","2022-12",5.229486,
"KOR","CPI","FOOD","AGRWTH","M","2023-01",5.774519,
"KOR","CPI","FOOD","AGRWTH","M","2023-02",5.799616,
"KOR","CPI","FOOD","AGRWTH","M","2023-03",6.363138,
"KOR","CPI","FOOD","AGRWTH","M","2023-04",5.001815,
"KOR","CPI","FOOD","AGRWTH","M","2023-05",3.874787,
"KOR","CPI","FOOD","AGRWTH","M","2023-06",4.156194,
"KOR","CPI","FOOD","AGRWTH","M","2023-07",3.394625,
"KOR","CPI","FOOD","AGRWTH","M","2023-08",4.917604,
"KOR","CPI","FOOD","AGRWTH","M","2023-09",5.124678,
"KOR","CPI","FOOD","AGRWTH","M","2023-10",6.735209,
"KOR","CPI","TOT","AGRWTH","M","2022-10",5.670053,
"KOR","CPI","TOT","AGRWTH","M","2022-11",5.03514,
"KOR","CPI","TOT","AGRWTH","M","2022-12",5.036524,
"KOR","CPI","TOT","AGRWTH","M","2023-01",5.167638,
"KOR","CPI","TOT","AGRWTH","M","2023-02",4.824311,
"KOR","CPI","TOT","AGRWTH","M","2023-03",4.242881,
"KOR","CPI","TOT","AGRWTH","M","2023-04",3.696771,
"KOR","CPI","TOT","AGRWTH","M","2023-05",3.319078,
"KOR","CPI","TOT","AGRWTH","M","2023-06",2.679727,
"KOR","CPI","TOT","AGRWTH","M","2023-07",2.262277,
"KOR","CPI","TOT","AGRWTH","M","2023-08",3.415577,
"KOR","CPI","TOT","AGRWTH","M","2023-09",3.727164,
"KOR","CPI","TOT","AGRWTH","M","2023-10",3.809175,
"LUX","CPI","FOOD","AGRWTH","M","2022-10",10.49268,
"LUX","CPI","FOOD","AGRWTH","M","2022-11",10.43032,
"LUX","CPI","FOOD","AGRWTH","M","2022-12",10.90378,
"LUX","CPI","FOOD","AGRWTH","M","2023-01",11.78687,
"LUX","CPI","FOOD","AGRWTH","M","2023-02",13.08964,
"LUX","CPI","FOOD","AGRWTH","M","2023-03",13.26855,
"LUX","CPI","FOOD","AGRWTH","M","2023-04",12.45966,
"LUX","CPI","FOOD","AGRWTH","M","2023-05",12.18729,
"LUX","CPI","FOOD","AGRWTH","M","2023-06",11.18536,
"LUX","CPI","FOOD","AGRWTH","M","2023-07",10.45383,
"LUX","CPI","FOOD","AGRWTH","M","2023-08",9.935027,
"LUX","CPI","FOOD","AGRWTH","M","2023-09",8.904334,
"LUX","CPI","FOOD","AGRWTH","M","2023-10",7.873383,
"LUX","CPI","TOT","AGRWTH","M","2022-10",6.85378,
"LUX","CPI","TOT","AGRWTH","M","2022-11",5.936319,
"LUX","CPI","TOT","AGRWTH","M","2022-12",5.374021,
"LUX","CPI","TOT","AGRWTH","M","2023-01",4.828269,
"LUX","CPI","TOT","AGRWTH","M","2023-02",4.311862,
"LUX","CPI","TOT","AGRWTH","M","2023-03",3.598188,
"LUX","CPI","TOT","AGRWTH","M","2023-04",3.689941,
"LUX","CPI","TOT","AGRWTH","M","2023-05",3.624752,
"LUX","CPI","TOT","AGRWTH","M","2023-06",3.17773,
"LUX","CPI","TOT","AGRWTH","M","2023-07",3.746323,
"LUX","CPI","TOT","AGRWTH","M","2023-08",4.241645,
"LUX","CPI","TOT","AGRWTH","M","2023-09",4.051282,
"LUX","CPI","TOT","AGRWTH","M","2023-10",3.160481,
"MEX","CPI","FOOD","AGRWTH","M","2022-10",14.53574,
"MEX","CPI","FOOD","AGRWTH","M","2022-11",12.40793,
"MEX","CPI","FOOD","AGRWTH","M","2022-12",12.69952,
"MEX","CPI","FOOD","AGRWTH","M","2023-01",12.77056,
"MEX","CPI","FOOD","AGRWTH","M","2023-02",12.2889,
"MEX","CPI","FOOD","AGRWTH","M","2023-03",11.04404,
"MEX","CPI","FOOD","AGRWTH","M","2023-04",10.04646,
"MEX","CPI","FOOD","AGRWTH","M","2023-05",9.099971,
"MEX","CPI","FOOD","AGRWTH","M","2023-06",7.677095,
"MEX","CPI","FOOD","AGRWTH","M","2023-07",7.309725,
"MEX","CPI","FOOD","AGRWTH","M","2023-08",6.769094,
"MEX","CPI","FOOD","AGRWTH","M","2023-09",5.899715,
"MEX","CPI","FOOD","AGRWTH","M","2023-10",4.887623,
"MEX","CPI","TOT","AGRWTH","M","2022-10",8.406816,
"MEX","CPI","TOT","AGRWTH","M","2022-11",7.796619,
"MEX","CPI","TOT","AGRWTH","M","2022-12",7.817029,
"MEX","CPI","TOT","AGRWTH","M","2023-01",7.910036,
"MEX","CPI","TOT","AGRWTH","M","2023-02",7.618864,
"MEX","CPI","TOT","AGRWTH","M","2023-03",6.849258,
"MEX","CPI","TOT","AGRWTH","M","2023-04",6.252845,
"MEX","CPI","TOT","AGRWTH","M","2023-05",5.835303,
"MEX","CPI","TOT","AGRWTH","M","2023-06",5.055554,
"MEX","CPI","TOT","AGRWTH","M","2023-07",4.785763,
"MEX","CPI","TOT","AGRWTH","M","2023-08",4.638014,
"MEX","CPI","TOT","AGRWTH","M","2023-09",4.454488,
"MEX","CPI","TOT","AGRWTH","M","2023-10",4.257,
"NLD","CPI","FOOD","AGRWTH","M","2022-10",13.84089,
"NLD","CPI","FOOD","AGRWTH","M","2022-11",15.43005,
"NLD","CPI","FOOD","AGRWTH","M","2022-12",16.7983,
"NLD","CPI","FOOD","AGRWTH","M","2023-01",17.29706,
"NLD","CPI","FOOD","AGRWTH","M","2023-02",17.93276,
"NLD","CPI","FOOD","AGRWTH","M","2023-03",17.82519,
"NLD","CPI","FOOD","AGRWTH","M","2023-04",15.57322,
"NLD","CPI","FOOD","AGRWTH","M","2023-05",14.8105,
"NLD","CPI","FOOD","AGRWTH","M","2023-06",12.96175,
"NLD","CPI","FOOD","AGRWTH","M","2023-07",11.48426,
"NLD","CPI","FOOD","AGRWTH","M","2023-08",9.614314,
"NLD","CPI","FOOD","AGRWTH","M","2023-09",9.341758,
"NLD","CPI","FOOD","AGRWTH","M","2023-10",7.802372,
"NLD","CPI","TOT","AGRWTH","M","2022-10",14.32519,
"NLD","CPI","TOT","AGRWTH","M","2022-11",9.878943,
"NLD","CPI","TOT","AGRWTH","M","2022-12",9.586879,
"NLD","CPI","TOT","AGRWTH","M","2023-01",7.5788,
"NLD","CPI","TOT","AGRWTH","M","2023-02",7.963911,
"NLD","CPI","TOT","AGRWTH","M","2023-03",4.403148,
"NLD","CPI","TOT","AGRWTH","M","2023-04",5.17486,
"NLD","CPI","TOT","AGRWTH","M","2023-05",6.056279,
"NLD","CPI","TOT","AGRWTH","M","2023-06",5.695086,
"NLD","CPI","TOT","AGRWTH","M","2023-07",4.573497,
"NLD","CPI","TOT","AGRWTH","M","2023-08",3.025414,
"NLD","CPI","TOT","AGRWTH","M","2023-09",0.2127827,
"NLD","CPI","TOT","AGRWTH","M","2023-10",-0.4054581,
"NOR","CPI","FOOD","AGRWTH","M","2022-10",13.05582,
"NOR","CPI","FOOD","AGRWTH","M","2022-11",12.68939,
"NOR","CPI","FOOD","AGRWTH","M","2022-12",11.45038,
"NOR","CPI","FOOD","AGRWTH","M","2023-01",11.98113,
"NOR","CPI","FOOD","AGRWTH","M","2023-02",8.844766,
"NOR","CPI","FOOD","AGRWTH","M","2023-03",8.608059,
"NOR","CPI","FOOD","AGRWTH","M","2023-04",10.54545,
"NOR","CPI","FOOD","AGRWTH","M","2023-05",12.68116,
"NOR","CPI","FOOD","AGRWTH","M","2023-06",13.44613,
"NOR","CPI","FOOD","AGRWTH","M","2023-07",8.857615,
"NOR","CPI","FOOD","AGRWTH","M","2023-08",8.953975,
"NOR","CPI","FOOD","AGRWTH","M","2023-09",7.435255,
"NOR","CPI","FOOD","AGRWTH","M","2023-10",8.535564,
"NOR","CPI","TOT","AGRWTH","M","2022-10",7.508533,
"NOR","CPI","TOT","AGRWTH","M","2022-11",6.519898,
"NOR","CPI","TOT","AGRWTH","M","2022-12",5.8873,
"NOR","CPI","TOT","AGRWTH","M","2023-01",7.04584,
"NOR","CPI","TOT","AGRWTH","M","2023-02",6.297229,
"NOR","CPI","TOT","AGRWTH","M","2023-03",6.510851,
"NOR","CPI","TOT","AGRWTH","M","2023-04",6.435644,
"NOR","CPI","TOT","AGRWTH","M","2023-05",6.666667,
"NOR","CPI","TOT","AGRWTH","M","2023-06",6.362154,
"NOR","CPI","TOT","AGRWTH","M","2023-07",5.394525,
"NOR","CPI","TOT","AGRWTH","M","2023-08",4.842615,
"NOR","CPI","TOT","AGRWTH","M","2023-09",3.343949,
"NOR","CPI","TOT","AGRWTH","M","2023-10",4.047619,
"POL","CPI","FOOD","AGRWTH","M","2022-10",22,
"POL","CPI","FOOD","AGRWTH","M","2022-11",22.3,
"POL","CPI","FOOD","AGRWTH","M","2022-12",21.5,
"POL","CPI","FOOD","AGRWTH","M","2023-01",20.6,
"POL","CPI","FOOD","AGRWTH","M","2023-02",24,
"POL","CPI","FOOD","AGRWTH","M","2023-03",24,
"POL","CPI","FOOD","AGRWTH","M","2023-04",19.7,
"POL","CPI","FOOD","AGRWTH","M","2023-05",18.9,
"POL","CPI","FOOD","AGRWTH","M","2023-06",17.8,
"POL","CPI","FOOD","AGRWTH","M","2023-07",15.6,
"POL","CPI","FOOD","AGRWTH","M","2023-08",12.7,
"POL","CPI","FOOD","AGRWTH","M","2023-09",10.4,
"POL","CPI","FOOD","AGRWTH","M","2023-10",8,
"POL","CPI","TOT","AGRWTH","M","2022-10",17.9,
"POL","CPI","TOT","AGRWTH","M","2022-11",17.5,
"POL","CPI","TOT","AGRWTH","M","2022-12",16.6,
"POL","CPI","TOT","AGRWTH","M","2023-01",16.6,
"POL","CPI","TOT","AGRWTH","M","2023-02",18.4,
"POL","CPI","TOT","AGRWTH","M","2023-03",16.1,
"POL","CPI","TOT","AGRWTH","M","2023-04",14.7,
"POL","CPI","TOT","AGRWTH","M","2023-05",13,
"POL","CPI","TOT","AGRWTH","M","2023-06",11.5,
"POL","CPI","TOT","AGRWTH","M","2023-07",10.8,
"POL","CPI","TOT","AGRWTH","M","2023-08",10.1,
"POL","CPI","TOT","AGRWTH","M","2023-09",8.2,
"POL","CPI","TOT","AGRWTH","M","2023-10",6.6,
"PRT","CPI","FOOD","AGRWTH","M","2022-10",18.58438,
"PRT","CPI","FOOD","AGRWTH","M","2022-11",19.95592,
"PRT","CPI","FOOD","AGRWTH","M","2022-12",19.90665,
"PRT","CPI","FOOD","AGRWTH","M","2023-01",20.56315,
"PRT","CPI","FOOD","AGRWTH","M","2023-02",21.46571,
"PRT","CPI","FOOD","AGRWTH","M","2023-03",19.56759,
"PRT","CPI","FOOD","AGRWTH","M","2023-04",15.40806,
"PRT","CPI","FOOD","AGRWTH","M","2023-05",9.417411,
"PRT","CPI","FOOD","AGRWTH","M","2023-06",8.568837,
"PRT","CPI","FOOD","AGRWTH","M","2023-07",7.321819,
"PRT","CPI","FOOD","AGRWTH","M","2023-08",6.845769,
"PRT","CPI","FOOD","AGRWTH","M","2023-09",6.438169,
"PRT","CPI","FOOD","AGRWTH","M","2023-10",4.350342,
"PRT","CPI","TOT","AGRWTH","M","2022-10",10.13933,
"PRT","CPI","TOT","AGRWTH","M","2022-11",9.93645,
"PRT","CPI","TOT","AGRWTH","M","2022-12",9.592893,
"PRT","CPI","TOT","AGRWTH","M","2023-01",8.362695,
"PRT","CPI","TOT","AGRWTH","M","2023-02",8.247509,
"PRT","CPI","TOT","AGRWTH","M","2023-03",7.43126,
"PRT","CPI","TOT","AGRWTH","M","2023-04",5.709613,
"PRT","CPI","TOT","AGRWTH","M","2023-05",3.984544,
"PRT","CPI","TOT","AGRWTH","M","2023-06",3.394032,
"PRT","CPI","TOT","AGRWTH","M","2023-07",3.067961,
"PRT","CPI","TOT","AGRWTH","M","2023-08",3.716,
"PRT","CPI","TOT","AGRWTH","M","2023-09",3.575786,
"PRT","CPI","TOT","AGRWTH","M","2023-10",2.117275,
"SVK","CPI","FOOD","AGRWTH","M","2022-10",26.02824,
"SVK","CPI","FOOD","AGRWTH","M","2022-11",27.79475,
"SVK","CPI","FOOD","AGRWTH","M","2022-12",28.06061,
"SVK","CPI","FOOD","AGRWTH","M","2023-01",27.52347,
"SVK","CPI","FOOD","AGRWTH","M","2023-02",27.78741,
"SVK","CPI","FOOD","AGRWTH","M","2023-03",28.14983,
"SVK","CPI","FOOD","AGRWTH","M","2023-04",25.37396,
"SVK","CPI","FOOD","AGRWTH","M","2023-05",21.69255,
"SVK","CPI","FOOD","AGRWTH","M","2023-06",18.90052,
"SVK","CPI","FOOD","AGRWTH","M","2023-07",16.46877,
"SVK","CPI","FOOD","AGRWTH","M","2023-08",13.53001,
"SVK","CPI","FOOD","AGRWTH","M","2023-09",11.21076,
"SVK","CPI","FOOD","AGRWTH","M","2023-10",9.011203,
"SVK","CPI","TOT","AGRWTH","M","2022-10",14.89247,
"SVK","CPI","TOT","AGRWTH","M","2022-11",15.34759,
"SVK","CPI","TOT","AGRWTH","M","2022-12",15.3764,
"SVK","CPI","TOT","AGRWTH","M","2023-01",15.19277,
"SVK","CPI","TOT","AGRWTH","M","2023-02",15.40443,
"SVK","CPI","TOT","AGRWTH","M","2023-03",14.73418,
"SVK","CPI","TOT","AGRWTH","M","2023-04",13.77933,
"SVK","CPI","TOT","AGRWTH","M","2023-05",11.94103,
"SVK","CPI","TOT","AGRWTH","M","2023-06",10.87907,
"SVK","CPI","TOT","AGRWTH","M","2023-07",9.682081,
"SVK","CPI","TOT","AGRWTH","M","2023-08",8.843212,
"SVK","CPI","TOT","AGRWTH","M","2023-09",8.195168,
"SVK","CPI","TOT","AGRWTH","M","2023-10",7.06598,
"ESP","CPI","FOOD","AGRWTH","M","2022-10",15.44059,
"ESP","CPI","FOOD","AGRWTH","M","2022-11",15.32935,
"ESP","CPI","FOOD","AGRWTH","M","2022-12",15.68565,
"ESP","CPI","FOOD","AGRWTH","M","2023-01",15.35335,
"ESP","CPI","FOOD","AGRWTH","M","2023-02",16.6354,
"ESP","CPI","FOOD","AGRWTH","M","2023-03",16.47136,
"ESP","CPI","FOOD","AGRWTH","M","2023-04",12.93905,
"ESP","CPI","FOOD","AGRWTH","M","2023-05",11.99823,
"ESP","CPI","FOOD","AGRWTH","M","2023-06",10.3331,
"ESP","CPI","FOOD","AGRWTH","M","2023-07",10.83931,
"ESP","CPI","FOOD","AGRWTH","M","2023-08",10.5207,
"ESP","CPI","FOOD","AGRWTH","M","2023-09",10.53527,
"ESP","CPI","FOOD","AGRWTH","M","2023-10",9.450304,
"ESP","CPI","TOT","AGRWTH","M","2022-10",7.264828,
"ESP","CPI","TOT","AGRWTH","M","2022-11",6.809555,
"ESP","CPI","TOT","AGRWTH","M","2022-12",5.70769,
"ESP","CPI","TOT","AGRWTH","M","2023-01",5.890872,
"ESP","CPI","TOT","AGRWTH","M","2023-02",6.034309,
"ESP","CPI","TOT","AGRWTH","M","2023-03",3.295651,
"ESP","CPI","TOT","AGRWTH","M","2023-04",4.095925,
"ESP","CPI","TOT","AGRWTH","M","2023-05",3.19318,
"ESP","CPI","TOT","AGRWTH","M","2023-06",1.892679,
"ESP","CPI","TOT","AGRWTH","M","2023-07",2.325751,
"ESP","CPI","TOT","AGRWTH","M","2023-08",2.615517,
"ESP","CPI","TOT","AGRWTH","M","2023-09",3.516046,
"ESP","CPI","TOT","AGRWTH","M","2023-10",3.467861,
"SWE","CPI","FOOD","AGRWTH","M","2022-10",17.22642,
"SWE","CPI","FOOD","AGRWTH","M","2022-11",18.0564,
"SWE","CPI","FOOD","AGRWTH","M","2022-12",18.24418,
"SWE","CPI","FOOD","AGRWTH","M","2023-01",19.56933,
"SWE","CPI","FOOD","AGRWTH","M","2023-02",20.95458,
"SWE","CPI","FOOD","AGRWTH","M","2023-03",19.65209,
"SWE","CPI","FOOD","AGRWTH","M","2023-04",16.86096,
"SWE","CPI","FOOD","AGRWTH","M","2023-05",14.16281,
"SWE","CPI","FOOD","AGRWTH","M","2023-06",12.54476,
"SWE","CPI","FOOD","AGRWTH","M","2023-07",10.53278,
"SWE","CPI","FOOD","AGRWTH","M","2023-08",9.020741,
"SWE","CPI","FOOD","AGRWTH","M","2023-09",7.66991,
"SWE","CPI","FOOD","AGRWTH","M","2023-10",6.62543,
"SWE","CPI","TOT","AGRWTH","M","2022-10",10.85325,
"SWE","CPI","TOT","AGRWTH","M","2022-11",11.46453,
"SWE","CPI","TOT","AGRWTH","M","2022-12",12.33864,
"SWE","CPI","TOT","AGRWTH","M","2023-01",11.67846,
"SWE","CPI","TOT","AGRWTH","M","2023-02",11.95271,
"SWE","CPI","TOT","AGRWTH","M","2023-03",10.63924,
"SWE","CPI","TOT","AGRWTH","M","2023-04",10.4718,
"SWE","CPI","TOT","AGRWTH","M","2023-05",9.66869,
"SWE","CPI","TOT","AGRWTH","M","2023-06",9.311228,
"SWE","CPI","TOT","AGRWTH","M","2023-07",9.262551,
"SWE","CPI","TOT","AGRWTH","M","2023-08",7.453482,
"SWE","CPI","TOT","AGRWTH","M","2023-09",6.482086,
"SWE","CPI","TOT","AGRWTH","M","2023-10",6.51755,
"CHE","CPI","FOOD","AGRWTH","M","2022-10",4.164579,
"CHE","CPI","FOOD","AGRWTH","M","2022-11",4.401571,
"CHE","CPI","FOOD","AGRWTH","M","2022-12",4.040009,
"CHE","CPI","FOOD","AGRWTH","M","2023-01",5.620179,
"CHE","CPI","FOOD","AGRWTH","M","2023-02",6.483793,
"CHE","CPI","FOOD","AGRWTH","M","2023-03",6.316535,
"CHE","CPI","FOOD","AGRWTH","M","2023-04",5.449882,
"CHE","CPI","FOOD","AGRWTH","M","2023-05",5.278575,
"CHE","CPI","FOOD","AGRWTH","M","2023-06",5.142733,
"CHE","CPI","FOOD","AGRWTH","M","2023-07",5.312481,
"CHE","CPI","FOOD","AGRWTH","M","2023-08",4.135949,
"CHE","CPI","FOOD","AGRWTH","M","2023-09",3.792356,
"CHE","CPI","FOOD","AGRWTH","M","2023-10",3.269579,
"CHE","CPI","TOT","AGRWTH","M","2022-10",2.996002,
"CHE","CPI","TOT","AGRWTH","M","2022-11",2.960212,
"CHE","CPI","TOT","AGRWTH","M","2022-12",2.840312,
"CHE","CPI","TOT","AGRWTH","M","2023-01",3.282533,
"CHE","CPI","TOT","AGRWTH","M","2023-02",3.371806,
"CHE","CPI","TOT","AGRWTH","M","2023-03",2.945302,
"CHE","CPI","TOT","AGRWTH","M","2023-04",2.565343,
"CHE","CPI","TOT","AGRWTH","M","2023-05",2.158705,
"CHE","CPI","TOT","AGRWTH","M","2023-06",1.710877,
"CHE","CPI","TOT","AGRWTH","M","2023-07",1.605105,
"CHE","CPI","TOT","AGRWTH","M","2023-08",1.554305,
"CHE","CPI","TOT","AGRWTH","M","2023-09",1.654665,
"CHE","CPI","TOT","AGRWTH","M","2023-10",1.693438,
"TUR","CPI","FOOD","AGRWTH","M","2022-10",99.04749,
"TUR","CPI","FOOD","AGRWTH","M","2022-11",102.5495,
"TUR","CPI","FOOD","AGRWTH","M","2022-12",77.86761,
"TUR","CPI","FOOD","AGRWTH","M","2023-01",71.00267,
"TUR","CPI","FOOD","AGRWTH","M","2023-02",69.33482,
"TUR","CPI","FOOD","AGRWTH","M","2023-03",67.89373,
"TUR","CPI","FOOD","AGRWTH","M","2023-04",53.92244,
"TUR","CPI","FOOD","AGRWTH","M","2023-05",52.5214,
"TUR","CPI","FOOD","AGRWTH","M","2023-06",53.91623,
"TUR","CPI","FOOD","AGRWTH","M","2023-07",60.71538,
"TUR","CPI","FOOD","AGRWTH","M","2023-08",72.86119,
"TUR","CPI","FOOD","AGRWTH","M","2023-09",75.13919,
"TUR","CPI","FOOD","AGRWTH","M","2023-10",71.99426,
"TUR","CPI","TOT","AGRWTH","M","2022-10",85.51479,
"TUR","CPI","TOT","AGRWTH","M","2022-11",84.38926,
"TUR","CPI","TOT","AGRWTH","M","2022-12",64.2696,
"TUR","CPI","TOT","AGRWTH","M","2023-01",57.68248,
"TUR","CPI","TOT","AGRWTH","M","2023-02",55.17983,
"TUR","CPI","TOT","AGRWTH","M","2023-03",50.50851,
"TUR","CPI","TOT","AGRWTH","M","2023-04",43.68417,
"TUR","CPI","TOT","AGRWTH","M","2023-05",39.5853,
"TUR","CPI","TOT","AGRWTH","M","2023-06",38.21352,
"TUR","CPI","TOT","AGRWTH","M","2023-07",47.83173,
"TUR","CPI","TOT","AGRWTH","M","2023-08",58.94353,
"TUR","CPI","TOT","AGRWTH","M","2023-09",61.52987,
"TUR","CPI","TOT","AGRWTH","M","2023-10",61.35701,
"GBR","CPI","FOOD","AGRWTH","M","2022-10",16.4,
"GBR","CPI","FOOD","AGRWTH","M","2022-11",16.5,
"GBR","CPI","FOOD","AGRWTH","M","2022-12",16.9,
"GBR","CPI","FOOD","AGRWTH","M","2023-01",16.8,
"GBR","CPI","FOOD","AGRWTH","M","2023-02",18.2,
"GBR","CPI","FOOD","AGRWTH","M","2023-03",19.2,
"GBR","CPI","FOOD","AGRWTH","M","2023-04",19.1,
"GBR","CPI","FOOD","AGRWTH","M","2023-05",18.4,
"GBR","CPI","FOOD","AGRWTH","M","2023-06",17.4,
"GBR","CPI","FOOD","AGRWTH","M","2023-07",14.9,
"GBR","CPI","FOOD","AGRWTH","M","2023-08",13.6,
"GBR","CPI","FOOD","AGRWTH","M","2023-09",12.2,
"GBR","CPI","FOOD","AGRWTH","M","2023-10",10.1,
"GBR","CPI","TOT","AGRWTH","M","2022-10",9.6,
"GBR","CPI","TOT","AGRWTH","M","2022-11",9.3,
"GBR","CPI","TOT","AGRWTH","M","2022-12",9.2,
"GBR","CPI","TOT","AGRWTH","M","2023-01",8.8,
"GBR","CPI","TOT","AGRWTH","M","2023-02",9.2,
"GBR","CPI","TOT","AGRWTH","M","2023-03",8.9,
"GBR","CPI","TOT","AGRWTH","M","2023-04",7.8,
"GBR","CPI","TOT","AGRWTH","M","2023-05",7.9,
"GBR","CPI","TOT","AGRWTH","M","2023-06",7.3,
"GBR","CPI","TOT","AGRWTH","M","2023-07",6.4,
"GBR","CPI","TOT","AGRWTH","M","2023-08",6.3,
"GBR","CPI","TOT","AGRWTH","M","2023-09",6.3,
"GBR","CPI","TOT","AGRWTH","M","2023-10",4.7,
"USA","CPI","FOOD","AGRWTH","M","2022-10",12.43914,
"USA","CPI","FOOD","AGRWTH","M","2022-11",11.95687,
"USA","CPI","FOOD","AGRWTH","M","2022-12",11.88275,
"USA","CPI","FOOD","AGRWTH","M","2023-01",11.35728,
"USA","CPI","FOOD","AGRWTH","M","2023-02",10.14978,
"USA","CPI","FOOD","AGRWTH","M","2023-03",8.325572,
"USA","CPI","FOOD","AGRWTH","M","2023-04",7.009775,
"USA","CPI","FOOD","AGRWTH","M","2023-05",5.64719,
"USA","CPI","FOOD","AGRWTH","M","2023-06",4.581234,
"USA","CPI","FOOD","AGRWTH","M","2023-07",3.485868,
"USA","CPI","FOOD","AGRWTH","M","2023-08",2.893452,
"USA","CPI","FOOD","AGRWTH","M","2023-09",2.376901,
"USA","CPI","FOOD","AGRWTH","M","2023-10",2.048327,
"USA","CPI","TOT","AGRWTH","M","2022-10",7.745427,
"USA","CPI","TOT","AGRWTH","M","2022-11",7.110323,
"USA","CPI","TOT","AGRWTH","M","2022-12",6.454401,
"USA","CPI","TOT","AGRWTH","M","2023-01",6.410147,
"USA","CPI","TOT","AGRWTH","M","2023-02",6.035613,
"USA","CPI","TOT","AGRWTH","M","2023-03",4.984974,
"USA","CPI","TOT","AGRWTH","M","2023-04",4.93032,
"USA","CPI","TOT","AGRWTH","M","2023-05",4.047609,
"USA","CPI","TOT","AGRWTH","M","2023-06",2.969178,
"USA","CPI","TOT","AGRWTH","M","2023-07",3.17778,
"USA","CPI","TOT","AGRWTH","M","2023-08",3.665112,
"USA","CPI","TOT","AGRWTH","M","2023-09",3.699698,
"USA","CPI","TOT","AGRWTH","M","2023-10",3.241145,
"BRA","CPI","TOT","AGRWTH","M","2022-10",6.470372,
"BRA","CPI","TOT","AGRWTH","M","2022-11",5.900729,
"BRA","CPI","TOT","AGRWTH","M","2022-12",5.785093,
"BRA","CPI","TOT","AGRWTH","M","2023-01",5.774497,
"BRA","CPI","TOT","AGRWTH","M","2023-02",5.596405,
"BRA","CPI","TOT","AGRWTH","M","2023-03",4.65078,
"BRA","CPI","TOT","AGRWTH","M","2023-04",4.184788,
"BRA","CPI","TOT","AGRWTH","M","2023-05",3.935829,
"BRA","CPI","TOT","AGRWTH","M","2023-06",3.161474,
"BRA","CPI","TOT","AGRWTH","M","2023-07",3.992389,
"BRA","CPI","TOT","AGRWTH","M","2023-08",4.60817,
"BRA","CPI","TOT","AGRWTH","M","2023-09",5.18528,
"BRA","CPI","TOT","AGRWTH","M","2023-10",4.819185,
"CHL","CPI","FOOD","AGRWTH","M","2022-10",22.00288,
"CHL","CPI","FOOD","AGRWTH","M","2022-11",23.95225,
"CHL","CPI","FOOD","AGRWTH","M","2022-12",24.71569,
"CHL","CPI","FOOD","AGRWTH","M","2023-01",23.94133,
"CHL","CPI","FOOD","AGRWTH","M","2023-02",21.43148,
"CHL","CPI","FOOD","AGRWTH","M","2023-03",17.35485,
"CHL","CPI","FOOD","AGRWTH","M","2023-04",14.77055,
"CHL","CPI","FOOD","AGRWTH","M","2023-05",12.72098,
"CHL","CPI","FOOD","AGRWTH","M","2023-06",11.77695,
"CHL","CPI","FOOD","AGRWTH","M","2023-07",11.0365,
"CHL","CPI","FOOD","AGRWTH","M","2023-08",9.239908,
"CHL","CPI","FOOD","AGRWTH","M","2023-09",7.921624,
"CHL","CPI","FOOD","AGRWTH","M","2023-10",8.027778,
"CHL","CPI","TOT","AGRWTH","M","2022-10",12.81211,
"CHL","CPI","TOT","AGRWTH","M","2022-11",13.33803,
"CHL","CPI","TOT","AGRWTH","M","2022-12",12.78958,
"CHL","CPI","TOT","AGRWTH","M","2023-01",12.3348,
"CHL","CPI","TOT","AGRWTH","M","2023-02",11.9466,
"CHL","CPI","TOT","AGRWTH","M","2023-03",11.0942,
"CHL","CPI","TOT","AGRWTH","M","2023-04",9.907431,
"CHL","CPI","TOT","AGRWTH","M","2023-05",8.726823,
"CHL","CPI","TOT","AGRWTH","M","2023-06",7.560418,
"CHL","CPI","TOT","AGRWTH","M","2023-07",6.475515,
"CHL","CPI","TOT","AGRWTH","M","2023-08",5.315509,
"CHL","CPI","TOT","AGRWTH","M","2023-09",5.120316,
"CHL","CPI","TOT","AGRWTH","M","2023-10",5.031002,
"CHN","CPI","FOOD","AGRWTH","M","2022-10",7,
"CHN","CPI","FOOD","AGRWTH","M","2022-11",3.7,
"CHN","CPI","FOOD","AGRWTH","M","2022-12",4.8,
"CHN","CPI","FOOD","AGRWTH","M","2023-01",6.2,
"CHN","CPI","FOOD","AGRWTH","M","2023-02",2.6,
"CHN","CPI","FOOD","AGRWTH","M","2023-03",2.4,
"CHN","CPI","FOOD","AGRWTH","M","2023-04",0.4,
"CHN","CPI","FOOD","AGRWTH","M","2023-05",1,
"CHN","CPI","FOOD","AGRWTH","M","2023-06",2.3,
"CHN","CPI","FOOD","AGRWTH","M","2023-07",-1.7,
"CHN","CPI","FOOD","AGRWTH","M","2023-08",-1.7,
"CHN","CPI","FOOD","AGRWTH","M","2023-09",-3.2,
"CHN","CPI","FOOD","AGRWTH","M","2023-10",-4,
"CHN","CPI","TOT","AGRWTH","M","2022-10",2.1,
"CHN","CPI","TOT","AGRWTH","M","2022-11",1.6,
"CHN","CPI","TOT","AGRWTH","M","2022-12",1.8,
"CHN","CPI","TOT","AGRWTH","M","2023-01",2.1,
"CHN","CPI","TOT","AGRWTH","M","2023-02",1,
"CHN","CPI","TOT","AGRWTH","M","2023-03",0.7,
"CHN","CPI","TOT","AGRWTH","M","2023-04",0.1,
"CHN","CPI","TOT","AGRWTH","M","2023-05",0.2,
"CHN","CPI","TOT","AGRWTH","M","2023-06",0,
"CHN","CPI","TOT","AGRWTH","M","2023-07",-0.3,
"CHN","CPI","TOT","AGRWTH","M","2023-08",0.1,
"CHN","CPI","TOT","AGRWTH","M","2023-09",0,
"CHN","CPI","TOT","AGRWTH","M","2023-10",-0.2,
"EST","CPI","FOOD","AGRWTH","M","2022-10",27.99634,
"EST","CPI","FOOD","AGRWTH","M","2022-11",28.20628,
"EST","CPI","FOOD","AGRWTH","M","2022-12",29.73944,
"EST","CPI","FOOD","AGRWTH","M","2023-01",27.39845,
"EST","CPI","FOOD","AGRWTH","M","2023-02",25.20833,
"EST","CPI","FOOD","AGRWTH","M","2023-03",24.70201,
"EST","CPI","FOOD","AGRWTH","M","2023-04",23.40169,
"EST","CPI","FOOD","AGRWTH","M","2023-05",20.37691,
"EST","CPI","FOOD","AGRWTH","M","2023-06",19.46154,
"EST","CPI","FOOD","AGRWTH","M","2023-07",16.42695,
"EST","CPI","FOOD","AGRWTH","M","2023-08",12.94379,
"EST","CPI","FOOD","AGRWTH","M","2023-09",9.738372,
"EST","CPI","FOOD","AGRWTH","M","2023-10",6.683345,
"EST","CPI","TOT","AGRWTH","M","2022-10",22.5011,
"EST","CPI","TOT","AGRWTH","M","2022-11",21.31431,
"EST","CPI","TOT","AGRWTH","M","2022-12",17.62484,
"EST","CPI","TOT","AGRWTH","M","2023-01",18.60563,
"EST","CPI","TOT","AGRWTH","M","2023-02",17.54967,
"EST","CPI","TOT","AGRWTH","M","2023-03",15.28226,
"EST","CPI","TOT","AGRWTH","M","2023-04",13.46828,
"EST","CPI","TOT","AGRWTH","M","2023-05",11.30634,
"EST","CPI","TOT","AGRWTH","M","2023-06",9.185571,
"EST","CPI","TOT","AGRWTH","M","2023-07",6.420172,
"EST","CPI","TOT","AGRWTH","M","2023-08",4.600571,
"EST","CPI","TOT","AGRWTH","M","2023-09",4.230359,
"EST","CPI","TOT","AGRWTH","M","2023-10",4.924515,
"IND","CPI","TOT","AGRWTH","M","2022-10",6.084868,
"IND","CPI","TOT","AGRWTH","M","2022-11",5.409706,
"IND","CPI","TOT","AGRWTH","M","2022-12",5.502392,
"IND","CPI","TOT","AGRWTH","M","2023-01",6.155076,
"IND","CPI","TOT","AGRWTH","M","2023-02",6.16,
"IND","CPI","TOT","AGRWTH","M","2023-03",5.793651,
"IND","CPI","TOT","AGRWTH","M","2023-04",5.090055,
"IND","CPI","TOT","AGRWTH","M","2023-05",4.418605,
"IND","CPI","TOT","AGRWTH","M","2023-06",5.572755,
"IND","CPI","TOT","AGRWTH","M","2023-07",7.544265,
"IND","CPI","TOT","AGRWTH","M","2023-08",6.912442,
"IND","CPI","TOT","AGRWTH","M","2023-09",4.722011,
"IDN","CPI","TOT","AGRWTH","M","2022-10",5.709732,
"IDN","CPI","TOT","AGRWTH","M","2022-11",5.418029,
"IDN","CPI","TOT","AGRWTH","M","2022-12",5.508081,
"IDN","CPI","TOT","AGRWTH","M","2023-01",5.282158,
"IDN","CPI","TOT","AGRWTH","M","2023-02",5.467474,
"IDN","CPI","TOT","AGRWTH","M","2023-03",4.965547,
"IDN","CPI","TOT","AGRWTH","M","2023-04",4.32939,
"IDN","CPI","TOT","AGRWTH","M","2023-05",4.004224,
"IDN","CPI","TOT","AGRWTH","M","2023-06",3.520988,
"IDN","CPI","TOT","AGRWTH","M","2023-07",3.078237,
"IDN","CPI","TOT","AGRWTH","M","2023-08",3.272805,
"IDN","CPI","TOT","AGRWTH","M","2023-09",2.278259,
"IDN","CPI","TOT","AGRWTH","M","2023-10",2.5645,
"ISR","CPI","FOOD","AGRWTH","M","2022-10",3.98773,
"ISR","CPI","FOOD","AGRWTH","M","2022-11",4.76684,
"ISR","CPI","FOOD","AGRWTH","M","2022-12",4.248704,
"ISR","CPI","FOOD","AGRWTH","M","2023-01",3.505557,
"ISR","CPI","FOOD","AGRWTH","M","2023-02",3.723456,
"ISR","CPI","FOOD","AGRWTH","M","2023-03",4.425983,
"ISR","CPI","FOOD","AGRWTH","M","2023-04",4.314218,
"ISR","CPI","FOOD","AGRWTH","M","2023-05",2.830074,
"ISR","CPI","FOOD","AGRWTH","M","2023-06",4.281381,
"ISR","CPI","FOOD","AGRWTH","M","2023-07",4.801987,
"ISR","CPI","FOOD","AGRWTH","M","2023-08",4.659972,
"ISR","CPI","FOOD","AGRWTH","M","2023-09",5.09115,
"ISR","CPI","FOOD","AGRWTH","M","2023-10",5.103999,
"ISR","CPI","TOT","AGRWTH","M","2022-10",5.067218,
"ISR","CPI","TOT","AGRWTH","M","2022-11",5.279503,
"ISR","CPI","TOT","AGRWTH","M","2022-12",5.263158,
"ISR","CPI","TOT","AGRWTH","M","2023-01",5.355304,
"ISR","CPI","TOT","AGRWTH","M","2023-02",5.220061,
"ISR","CPI","TOT","AGRWTH","M","2023-03",4.984741,
"ISR","CPI","TOT","AGRWTH","M","2023-04",5.050505,
"ISR","CPI","TOT","AGRWTH","M","2023-05",4.618474,
"ISR","CPI","TOT","AGRWTH","M","2023-06",4.2,
"ISR","CPI","TOT","AGRWTH","M","2023-07",3.363007,
"ISR","CPI","TOT","AGRWTH","M","2023-08",4.166667,
"ISR","CPI","TOT","AGRWTH","M","2023-09",3.861386,
"ISR","CPI","TOT","AGRWTH","M","2023-10",3.740157,
"SVN","CPI","FOOD","AGRWTH","M","2022-10",17.23798,
"SVN","CPI","FOOD","AGRWTH","M","2022-11",18.98461,
"SVN","CPI","FOOD","AGRWTH","M","2022-12",18.60998,
"SVN","CPI","FOOD","AGRWTH","M","2023-01",19.29093,
"SVN","CPI","FOOD","AGRWTH","M","2023-02",18.28479,
"SVN","CPI","FOOD","AGRWTH","M","2023-03",19.01856,
"SVN","CPI","FOOD","AGRWTH","M","2023-04",15.75212,
"SVN","CPI","FOOD","AGRWTH","M","2023-05",14.86826,
"SVN","CPI","FOOD","AGRWTH","M","2023-06",12.3643,
"SVN","CPI","FOOD","AGRWTH","M","2023-07",11.10403,
"SVN","CPI","FOOD","AGRWTH","M","2023-08",10.39671,
"SVN","CPI","FOOD","AGRWTH","M","2023-09",9.151349,
"SVN","CPI","FOOD","AGRWTH","M","2023-10",7.321169,
"SVN","CPI","TOT","AGRWTH","M","2022-10",9.847997,
"SVN","CPI","TOT","AGRWTH","M","2022-11",10.02653,
"SVN","CPI","TOT","AGRWTH","M","2022-12",10.25618,
"SVN","CPI","TOT","AGRWTH","M","2023-01",10.03372,
"SVN","CPI","TOT","AGRWTH","M","2023-02",9.277239,
"SVN","CPI","TOT","AGRWTH","M","2023-03",10.5445,
"SVN","CPI","TOT","AGRWTH","M","2023-04",9.403527,
"SVN","CPI","TOT","AGRWTH","M","2023-05",8.356498,
"SVN","CPI","TOT","AGRWTH","M","2023-06",6.924833,
"SVN","CPI","TOT","AGRWTH","M","2023-07",6.079893,
"SVN","CPI","TOT","AGRWTH","M","2023-08",6.16209,
"SVN","CPI","TOT","AGRWTH","M","2023-09",7.444651,
"SVN","CPI","TOT","AGRWTH","M","2023-10",6.860114,
"ZAF","CPI","FOOD","AGRWTH","M","2022-10",11.9598,
"ZAF","CPI","FOOD","AGRWTH","M","2022-11",12.4498,
"ZAF","CPI","FOOD","AGRWTH","M","2022-12",12.5,
"ZAF","CPI","FOOD","AGRWTH","M","2023-01",13.5778,
"ZAF","CPI","FOOD","AGRWTH","M","2023-02",13.54269,
"ZAF","CPI","FOOD","AGRWTH","M","2023-03",14.04878,
"ZAF","CPI","FOOD","AGRWTH","M","2023-04",13.95349,
"ZAF","CPI","FOOD","AGRWTH","M","2023-05",11.84834,
"ZAF","CPI","FOOD","AGRWTH","M","2023-06",10.94481,
"ZAF","CPI","FOOD","AGRWTH","M","2023-07",9.898242,
"ZAF","CPI","FOOD","AGRWTH","M","2023-08",8,
"ZAF","CPI","FOOD","AGRWTH","M","2023-09",8.242754,
"ZAF","CPI","FOOD","AGRWTH","M","2023-10",8.976661,
"ZAF","CPI","TOT","AGRWTH","M","2022-10",7.777778,
"ZAF","CPI","TOT","AGRWTH","M","2022-11",7.746479,
"ZAF","CPI","TOT","AGRWTH","M","2022-12",7.5,
"ZAF","CPI","TOT","AGRWTH","M","2023-01",7.185629,
"ZAF","CPI","TOT","AGRWTH","M","2023-02",7.34127,
"ZAF","CPI","TOT","AGRWTH","M","2023-03",7.262022,
"ZAF","CPI","TOT","AGRWTH","M","2023-04",7.121951,
"ZAF","CPI","TOT","AGRWTH","M","2023-05",6.589147,
"ZAF","CPI","TOT","AGRWTH","M","2023-06",5.656759,
"ZAF","CPI","TOT","AGRWTH","M","2023-07",4.811321,
"ZAF","CPI","TOT","AGRWTH","M","2023-08",4.797742,
"ZAF","CPI","TOT","AGRWTH","M","2023-09",5.451128,
"ZAF","CPI","TOT","AGRWTH","M","2023-10",6.091846,
"OECD","CPI","FOOD","AGRWTH","M","2022-10",16.14704,
"OECD","CPI","FOOD","AGRWTH","M","2022-11",16.17537,
"OECD","CPI","FOOD","AGRWTH","M","2022-12",15.57759,
"OECD","CPI","FOOD","AGRWTH","M","2023-01",15.18906,
"OECD","CPI","FOOD","AGRWTH","M","2023-02",14.85779,
"OECD","CPI","FOOD","AGRWTH","M","2023-03",13.97774,
"OECD","CPI","FOOD","AGRWTH","M","2023-04",12.11668,
"OECD","CPI","FOOD","AGRWTH","M","2023-05",10.94876,
"OECD","CPI","FOOD","AGRWTH","M","2023-06",10.07298,
"OECD","CPI","FOOD","AGRWTH","M","2023-07",9.156649,
"OECD","CPI","FOOD","AGRWTH","M","2023-08",8.770824,
"OECD","CPI","FOOD","AGRWTH","M","2023-09",8.136925,
"OECD","CPI","FOOD","AGRWTH","M","2023-10",7.351319,
"OECD","CPI","TOT","AGRWTH","M","2022-10",10.68788,
"OECD","CPI","TOT","AGRWTH","M","2022-11",10.29603,
"OECD","CPI","TOT","AGRWTH","M","2022-12",9.407298,
"OECD","CPI","TOT","AGRWTH","M","2023-01",9.166848,
"OECD","CPI","TOT","AGRWTH","M","2023-02",8.815586,
"OECD","CPI","TOT","AGRWTH","M","2023-03",7.732765,
"OECD","CPI","TOT","AGRWTH","M","2023-04",7.342982,
"OECD","CPI","TOT","AGRWTH","M","2023-05",6.482729,
"OECD","CPI","TOT","AGRWTH","M","2023-06",5.655442,
"OECD","CPI","TOT","AGRWTH","M","2023-07",5.859074,
"OECD","CPI","TOT","AGRWTH","M","2023-08",6.382345,
"OECD","CPI","TOT","AGRWTH","M","2023-09",6.231603,
"OECD","CPI","TOT","AGRWTH","M","2023-10",5.624016,
"OECDE","CPI","FOOD","AGRWTH","M","2022-10",23.71826,
"OECDE","CPI","FOOD","AGRWTH","M","2022-11",24.56655,
"OECDE","CPI","FOOD","AGRWTH","M","2022-12",22.78269,
"OECDE","CPI","FOOD","AGRWTH","M","2023-01",22.39023,
"OECDE","CPI","FOOD","AGRWTH","M","2023-02",23.24625,
"OECDE","CPI","FOOD","AGRWTH","M","2023-03",23.35517,
"OECDE","CPI","FOOD","AGRWTH","M","2023-04",19.94148,
"OECDE","CPI","FOOD","AGRWTH","M","2023-05",18.65136,
"OECDE","CPI","FOOD","AGRWTH","M","2023-06",17.71417,
"OECDE","CPI","FOOD","AGRWTH","M","2023-07",16.87093,
"OECDE","CPI","FOOD","AGRWTH","M","2023-08",16.68856,
"OECDE","CPI","FOOD","AGRWTH","M","2023-09",15.65068,
"OECDE","CPI","FOOD","AGRWTH","M","2023-10",13.85281,
"OECDE","CPI","TOT","AGRWTH","M","2022-10",16.74023,
"OECDE","CPI","TOT","AGRWTH","M","2022-11",16.49316,
"OECDE","CPI","TOT","AGRWTH","M","2022-12",14.71726,
"OECDE","CPI","TOT","AGRWTH","M","2023-01",14.05759,
"OECDE","CPI","TOT","AGRWTH","M","2023-02",13.88245,
"OECDE","CPI","TOT","AGRWTH","M","2023-03",12.31971,
"OECDE","CPI","TOT","AGRWTH","M","2023-04",11.43045,
"OECDE","CPI","TOT","AGRWTH","M","2023-05",10.35318,
"OECDE","CPI","TOT","AGRWTH","M","2023-06",9.55821,
"OECDE","CPI","TOT","AGRWTH","M","2023-07",10.00859,
"OECDE","CPI","TOT","AGRWTH","M","2023-08",10.84816,
"OECDE","CPI","TOT","AGRWTH","M","2023-09",10.43578,
"OECDE","CPI","TOT","AGRWTH","M","2023-10",9.35637,
"G-7","CPI","FOOD","AGRWTH","M","2022-10",12.69843,
"G-7","CPI","FOOD","AGRWTH","M","2022-11",12.57783,
"G-7","CPI","FOOD","AGRWTH","M","2022-12",12.50839,
"G-7","CPI","FOOD","AGRWTH","M","2023-01",12.26709,
"G-7","CPI","FOOD","AGRWTH","M","2023-02",11.85675,
"G-7","CPI","FOOD","AGRWTH","M","2023-03",10.89994,
"G-7","CPI","FOOD","AGRWTH","M","2023-04",9.669246,
"G-7","CPI","FOOD","AGRWTH","M","2023-05",8.55792,
"G-7","CPI","FOOD","AGRWTH","M","2023-06",7.661129,
"G-7","CPI","FOOD","AGRWTH","M","2023-07",6.566294,
"G-7","CPI","FOOD","AGRWTH","M","2023-08",5.771509,
"G-7","CPI","FOOD","AGRWTH","M","2023-09",5.083659,
"G-7","CPI","FOOD","AGRWTH","M","2023-10",4.415371,
"G-7","CPI","TOT","AGRWTH","M","2022-10",7.668732,
"G-7","CPI","TOT","AGRWTH","M","2022-11",7.264456,
"G-7","CPI","TOT","AGRWTH","M","2022-12",6.782069,
"G-7","CPI","TOT","AGRWTH","M","2023-01",6.724281,
"G-7","CPI","TOT","AGRWTH","M","2023-02",6.360728,
"G-7","CPI","TOT","AGRWTH","M","2023-03",5.444933,
"G-7","CPI","TOT","AGRWTH","M","2023-04",5.396575,
"G-7","CPI","TOT","AGRWTH","M","2023-05",4.631701,
"G-7","CPI","TOT","AGRWTH","M","2023-06",3.856932,
"G-7","CPI","TOT","AGRWTH","M","2023-07",3.882455,
"G-7","CPI","TOT","AGRWTH","M","2023-08",4.181582,
"G-7","CPI","TOT","AGRWTH","M","2023-09",4.052363,
"G-7","CPI","TOT","AGRWTH","M","2023-10",3.353149,
"COL","CPI","TOT","AGRWTH","M","2022-10",12.22175,
"COL","CPI","TOT","AGRWTH","M","2022-11",12.53146,
"COL","CPI","TOT","AGRWTH","M","2022-12",13.12247,
"COL","CPI","TOT","AGRWTH","M","2023-01",13.25198,
"COL","CPI","TOT","AGRWTH","M","2023-02",13.27902,
"COL","CPI","TOT","AGRWTH","M","2023-03",13.34433,
"COL","CPI","TOT","AGRWTH","M","2023-04",12.82287,
"COL","CPI","TOT","AGRWTH","M","2023-05",12.36026,
"COL","CPI","TOT","AGRWTH","M","2023-06",12.12962,
"COL","CPI","TOT","AGRWTH","M","2023-07",11.78492,
"COL","CPI","TOT","AGRWTH","M","2023-08",11.42734,
"COL","CPI","TOT","AGRWTH","M","2023-09",10.99432,
"COL","CPI","TOT","AGRWTH","M","2023-10",10.47863,
"LVA","CPI","FOOD","AGRWTH","M","2022-10",29.46238,
"LVA","CPI","FOOD","AGRWTH","M","2022-11",29.52101,
"LVA","CPI","FOOD","AGRWTH","M","2022-12",28.97427,
"LVA","CPI","FOOD","AGRWTH","M","2023-01",28.18579,
"LVA","CPI","FOOD","AGRWTH","M","2023-02",25.33258,
"LVA","CPI","FOOD","AGRWTH","M","2023-03",24.07314,
"LVA","CPI","FOOD","AGRWTH","M","2023-04",20.22928,
"LVA","CPI","FOOD","AGRWTH","M","2023-05",17.86829,
"LVA","CPI","FOOD","AGRWTH","M","2023-06",14.38221,
"LVA","CPI","FOOD","AGRWTH","M","2023-07",11.15694,
"LVA","CPI","FOOD","AGRWTH","M","2023-08",8.171262,
"LVA","CPI","FOOD","AGRWTH","M","2023-09",5.731765,
"LVA","CPI","FOOD","AGRWTH","M","2023-10",4.29698,
"LVA","CPI","TOT","AGRWTH","M","2022-10",21.75682,
"LVA","CPI","TOT","AGRWTH","M","2022-11",21.83672,
"LVA","CPI","TOT","AGRWTH","M","2022-12",20.82939,
"LVA","CPI","TOT","AGRWTH","M","2023-01",21.50499,
"LVA","CPI","TOT","AGRWTH","M","2023-02",20.26292,
"LVA","CPI","TOT","AGRWTH","M","2023-03",17.2633,
"LVA","CPI","TOT","AGRWTH","M","2023-04",15.09066,
"LVA","CPI","TOT","AGRWTH","M","2023-05",12.09793,
"LVA","CPI","TOT","AGRWTH","M","2023-06",7.929472,
"LVA","CPI","TOT","AGRWTH","M","2023-07",6.399932,
"LVA","CPI","TOT","AGRWTH","M","2023-08",5.372788,
"LVA","CPI","TOT","AGRWTH","M","2023-09",3.321202,
"LVA","CPI","TOT","AGRWTH","M","2023-10",2.092605,
"SAU","CPI","TOT","AGRWTH","M","2022-10",3.010958,
"SAU","CPI","TOT","AGRWTH","M","2022-11",2.928592,
"SAU","CPI","TOT","AGRWTH","M","2022-12",3.302875,
"SAU","CPI","TOT","AGRWTH","M","2023-01",3.354876,
"SAU","CPI","TOT","AGRWTH","M","2023-02",2.955945,
"SAU","CPI","TOT","AGRWTH","M","2023-03",2.739985,
"SAU","CPI","TOT","AGRWTH","M","2023-04",2.70016,
"SAU","CPI","TOT","AGRWTH","M","2023-05",2.772035,
"SAU","CPI","TOT","AGRWTH","M","2023-06",2.737671,
"SAU","CPI","TOT","AGRWTH","M","2023-07",2.313433,
"SAU","CPI","TOT","AGRWTH","M","2023-08",1.951491,
"SAU","CPI","TOT","AGRWTH","M","2023-09",1.686747,
"SAU","CPI","TOT","AGRWTH","M","2023-10",1.618722,
"FIN","CPI","TOT_FOODENRG","AGRWTH","M","2022-10",5.055916,
"FIN","CPI","TOT_FOODENRG","AGRWTH","M","2022-11",5.325333,
"FIN","CPI","TOT_FOODENRG","AGRWTH","M","2022-12",5.990266,
"FIN","CPI","TOT_FOODENRG","AGRWTH","M","2023-01",5.859265,
"FIN","CPI","TOT_FOODENRG","AGRWTH","M","2023-02",6.596995,
"FIN","CPI","TOT_FOODENRG","AGRWTH","M","2023-03",7.060679,
"FIN","CPI","TOT_FOODENRG","AGRWTH","M","2023-04",7.200811,
"FIN","CPI","TOT_FOODENRG","AGRWTH","M","2023-05",6.834171,
"FIN","CPI","TOT_FOODENRG","AGRWTH","M","2023-06",7.317073,
"FIN","CPI","TOT_FOODENRG","AGRWTH","M","2023-07",7.416833,
"FIN","CPI","TOT_FOODENRG","AGRWTH","M","2023-08",6.826,
"FIN","CPI","TOT_FOODENRG","AGRWTH","M","2023-09",6.821663,
"FIN","CPI","TOT_FOODENRG","AGRWTH","M","2023-10",6.610609,
"SWE","CPI","TOT_FOODENRG","AGRWTH","M","2022-10",8.219517,
"SWE","CPI","TOT_FOODENRG","AGRWTH","M","2022-11",8.683569,
"SWE","CPI","TOT_FOODENRG","AGRWTH","M","2022-12",9.448068,
"SWE","CPI","TOT_FOODENRG","AGRWTH","M","2023-01",9.898461,
"SWE","CPI","TOT_FOODENRG","AGRWTH","M","2023-02",10.50273,
"SWE","CPI","TOT_FOODENRG","AGRWTH","M","2023-03",10.3946,
"SWE","CPI","TOT_FOODENRG","AGRWTH","M","2023-04",10.58411,
"SWE","CPI","TOT_FOODENRG","AGRWTH","M","2023-05",10.9534,
"SWE","CPI","TOT_FOODENRG","AGRWTH","M","2023-06",11.07468,
"SWE","CPI","TOT_FOODENRG","AGRWTH","M","2023-07",11.3629,
"SWE","CPI","TOT_FOODENRG","AGRWTH","M","2023-08",10.39769,
"SWE","CPI","TOT_FOODENRG","AGRWTH","M","2023-09",10.10145,
"SWE","CPI","TOT_FOODENRG","AGRWTH","M","2023-10",9.119982,
"HUN","CPI","TOT_FOODENRG","AGRWTH","M","2022-10",13.24545,
"HUN","CPI","TOT_FOODENRG","AGRWTH","M","2022-11",14.125,
"HUN","CPI","TOT_FOODENRG","AGRWTH","M","2022-12",14.49005,
"HUN","CPI","TOT_FOODENRG","AGRWTH","M","2023-01",15.59803,
"HUN","CPI","TOT_FOODENRG","AGRWTH","M","2023-02",16.20795,
"HUN","CPI","TOT_FOODENRG","AGRWTH","M","2023-03",17.00061,
"HUN","CPI","TOT_FOODENRG","AGRWTH","M","2023-04",17.08633,
"HUN","CPI","TOT_FOODENRG","AGRWTH","M","2023-05",16.23223,
"HUN","CPI","TOT_FOODENRG","AGRWTH","M","2023-06",15.44763,
"HUN","CPI","TOT_FOODENRG","AGRWTH","M","2023-07",14.00689,
"HUN","CPI","TOT_FOODENRG","AGRWTH","M","2023-08",12.57078,
"HUN","CPI","TOT_FOODENRG","AGRWTH","M","2023-09",11.89675,
"HUN","CPI","TOT_FOODENRG","AGRWTH","M","2023-10",10.97561,
"MEX","CPI","TOT_FOODENRG","AGRWTH","M","2022-10",6.550392,
"MEX","CPI","TOT_FOODENRG","AGRWTH","M","2022-11",6.633237,
"MEX","CPI","TOT_FOODENRG","AGRWTH","M","2022-12",6.412033,
"MEX","CPI","TOT_FOODENRG","AGRWTH","M","2023-01",6.590481,
"MEX","CPI","TOT_FOODENRG","AGRWTH","M","2023-02",6.51161,
"MEX","CPI","TOT_FOODENRG","AGRWTH","M","2023-03",6.470131,
"MEX","CPI","TOT_FOODENRG","AGRWTH","M","2023-04",6.234578,
"MEX","CPI","TOT_FOODENRG","AGRWTH","M","2023-05",6.1156,
"MEX","CPI","TOT_FOODENRG","AGRWTH","M","2023-06",5.726734,
"MEX","CPI","TOT_FOODENRG","AGRWTH","M","2023-07",5.591079,
"MEX","CPI","TOT_FOODENRG","AGRWTH","M","2023-08",5.295028,
"MEX","CPI","TOT_FOODENRG","AGRWTH","M","2023-09",5.16549,
"MEX","CPI","TOT_FOODENRG","AGRWTH","M","2023-10",5.025471,
"KOR","CPI","TOT_FOODENRG","AGRWTH","M","2022-10",4.183443,
"KOR","CPI","TOT_FOODENRG","AGRWTH","M","2022-11",4.2524,
"KOR","CPI","TOT_FOODENRG","AGRWTH","M","2022-12",4.077651,
"KOR","CPI","TOT_FOODENRG","AGRWTH","M","2023-01",4.051958,
"KOR","CPI","TOT_FOODENRG","AGRWTH","M","2023-02",3.957911,
"KOR","CPI","TOT_FOODENRG","AGRWTH","M","2023-03",4.039722,
"KOR","CPI","TOT_FOODENRG","AGRWTH","M","2023-04",3.986168,
"KOR","CPI","TOT_FOODENRG","AGRWTH","M","2023-05",3.852772,
"KOR","CPI","TOT_FOODENRG","AGRWTH","M","2023-06",3.484387,
"KOR","CPI","TOT_FOODENRG","AGRWTH","M","2023-07",3.348193,
"KOR","CPI","TOT_FOODENRG","AGRWTH","M","2023-08",3.299924,
"KOR","CPI","TOT_FOODENRG","AGRWTH","M","2023-09",3.263646,
"KOR","CPI","TOT_FOODENRG","AGRWTH","M","2023-10",3.223678,
"G-7","CPI","TOT_FOODENRG","AGRWTH","M","2022-10",5.352727,
"G-7","CPI","TOT_FOODENRG","AGRWTH","M","2022-11",5.178499,
"G-7","CPI","TOT_FOODENRG","AGRWTH","M","2022-12",5.090347,
"G-7","CPI","TOT_FOODENRG","AGRWTH","M","2023-01",5.030725,
"G-7","CPI","TOT_FOODENRG","AGRWTH","M","2023-02",5.095978,
"G-7","CPI","TOT_FOODENRG","AGRWTH","M","2023-03",5.125558,
"G-7","CPI","TOT_FOODENRG","AGRWTH","M","2023-04",5.159297,
"G-7","CPI","TOT_FOODENRG","AGRWTH","M","2023-05",5.002725,
"G-7","CPI","TOT_FOODENRG","AGRWTH","M","2023-06",4.697786,
"G-7","CPI","TOT_FOODENRG","AGRWTH","M","2023-07",4.544853,
"G-7","CPI","TOT_FOODENRG","AGRWTH","M","2023-08",4.309937,
"G-7","CPI","TOT_FOODENRG","AGRWTH","M","2023-09",4.056399,
"G-7","CPI","TOT_FOODENRG","AGRWTH","M","2023-10",3.947817,
"ZAF","CPI","TOT_FOODENRG","AGRWTH","M","2022-10",5.305541,
"ZAF","CPI","TOT_FOODENRG","AGRWTH","M","2022-11",5.442202,
"ZAF","CPI","TOT_FOODENRG","AGRWTH","M","2022-12",5.320339,
"ZAF","CPI","TOT_FOODENRG","AGRWTH","M","2023-01",5.28213,
"ZAF","CPI","TOT_FOODENRG","AGRWTH","M","2023-02",5.622061,
"ZAF","CPI","TOT_FOODENRG","AGRWTH","M","2023-03",5.584253,
"ZAF","CPI","TOT_FOODENRG","AGRWTH","M","2023-04",5.622597,
"ZAF","CPI","TOT_FOODENRG","AGRWTH","M","2023-05",5.483178,
"ZAF","CPI","TOT_FOODENRG","AGRWTH","M","2023-06",5.360516,
"ZAF","CPI","TOT_FOODENRG","AGRWTH","M","2023-07",4.90252,
"ZAF","CPI","TOT_FOODENRG","AGRWTH","M","2023-08",4.812832,
"ZAF","CPI","TOT_FOODENRG","AGRWTH","M","2023-09",4.586823,
"ZAF","CPI","TOT_FOODENRG","AGRWTH","M","2023-10",4.560354,
"CAN","CPI","TOT_FOODENRG","AGRWTH","M","2022-10",5.424636,
"CAN","CPI","TOT_FOODENRG","AGRWTH","M","2022-11",5.486592,
"CAN","CPI","TOT_FOODENRG","AGRWTH","M","2022-12",5.583129,
"CAN","CPI","TOT_FOODENRG","AGRWTH","M","2023-01",5.188398,
"CAN","CPI","TOT_FOODENRG","AGRWTH","M","2023-02",4.991111,
"CAN","CPI","TOT_FOODENRG","AGRWTH","M","2023-03",4.520717,
"CAN","CPI","TOT_FOODENRG","AGRWTH","M","2023-04",4.456467,
"CAN","CPI","TOT_FOODENRG","AGRWTH","M","2023-05",4.356063,
"CAN","CPI","TOT_FOODENRG","AGRWTH","M","2023-06",3.985831,
"CAN","CPI","TOT_FOODENRG","AGRWTH","M","2023-07",3.824292,
"CAN","CPI","TOT_FOODENRG","AGRWTH","M","2023-08",3.87446,
"CAN","CPI","TOT_FOODENRG","AGRWTH","M","2023-09",3.421954,
"CAN","CPI","TOT_FOODENRG","AGRWTH","M","2023-10",3.671541,
"ITA","CPI","TOT_FOODENRG","AGRWTH","M","2022-10",4.063447,
"ITA","CPI","TOT_FOODENRG","AGRWTH","M","2022-11",4.140842,
"ITA","CPI","TOT_FOODENRG","AGRWTH","M","2022-12",4.469475,
"ITA","CPI","TOT_FOODENRG","AGRWTH","M","2023-01",4.474319,
"ITA","CPI","TOT_FOODENRG","AGRWTH","M","2023-02",4.786301,
"ITA","CPI","TOT_FOODENRG","AGRWTH","M","2023-03",4.761148,
"ITA","CPI","TOT_FOODENRG","AGRWTH","M","2023-04",4.916986,
"ITA","CPI","TOT_FOODENRG","AGRWTH","M","2023-05",4.899526,
"ITA","CPI","TOT_FOODENRG","AGRWTH","M","2023-06",4.612284,
"ITA","CPI","TOT_FOODENRG","AGRWTH","M","2023-07",4.188181,
"ITA","CPI","TOT_FOODENRG","AGRWTH","M","2023-08",3.896791,
"ITA","CPI","TOT_FOODENRG","AGRWTH","M","2023-09",3.874721,
"ITA","CPI","TOT_FOODENRG","AGRWTH","M","2023-10",3.544792,
"ESP","CPI","TOT_FOODENRG","AGRWTH","M","2022-10",4.221307,
"ESP","CPI","TOT_FOODENRG","AGRWTH","M","2022-11",4.085611,
"ESP","CPI","TOT_FOODENRG","AGRWTH","M","2022-12",4.442303,
"ESP","CPI","TOT_FOODENRG","AGRWTH","M","2023-01",5.121602,
"ESP","CPI","TOT_FOODENRG","AGRWTH","M","2023-02",5.1876,
"ESP","CPI","TOT_FOODENRG","AGRWTH","M","2023-03",5.130373,
"ESP","CPI","TOT_FOODENRG","AGRWTH","M","2023-04",4.563838,
"ESP","CPI","TOT_FOODENRG","AGRWTH","M","2023-05",4.275964,
"ESP","CPI","TOT_FOODENRG","AGRWTH","M","2023-06",4.277947,
"ESP","CPI","TOT_FOODENRG","AGRWTH","M","2023-07",4.795616,
"ESP","CPI","TOT_FOODENRG","AGRWTH","M","2023-08",4.775397,
"ESP","CPI","TOT_FOODENRG","AGRWTH","M","2023-09",4.421893,
"ESP","CPI","TOT_FOODENRG","AGRWTH","M","2023-10",3.837455,
"FRA","CPI","TOT_FOODENRG","AGRWTH","M","2022-10",3.281842,
"FRA","CPI","TOT_FOODENRG","AGRWTH","M","2022-11",3.282146,
"FRA","CPI","TOT_FOODENRG","AGRWTH","M","2022-12",3.363663,
"FRA","CPI","TOT_FOODENRG","AGRWTH","M","2023-01",3.220126,
"FRA","CPI","TOT_FOODENRG","AGRWTH","M","2023-02",3.572005,
"FRA","CPI","TOT_FOODENRG","AGRWTH","M","2023-03",3.723006,
"FRA","CPI","TOT_FOODENRG","AGRWTH","M","2023-04",3.891993,
"FRA","CPI","TOT_FOODENRG","AGRWTH","M","2023-05",3.646995,
"FRA","CPI","TOT_FOODENRG","AGRWTH","M","2023-06",3.686354,
"FRA","CPI","TOT_FOODENRG","AGRWTH","M","2023-07",3.572881,
"FRA","CPI","TOT_FOODENRG","AGRWTH","M","2023-08",3.322011,
"FRA","CPI","TOT_FOODENRG","AGRWTH","M","2023-09",3.121011,
"FRA","CPI","TOT_FOODENRG","AGRWTH","M","2023-10",3.146612,
"LUX","CPI","TOT_FOODENRG","AGRWTH","M","2022-10",4.290036,
"LUX","CPI","TOT_FOODENRG","AGRWTH","M","2022-11",4.093567,
"LUX","CPI","TOT_FOODENRG","AGRWTH","M","2022-12",3.701003,
"LUX","CPI","TOT_FOODENRG","AGRWTH","M","2023-01",3.676809,
"LUX","CPI","TOT_FOODENRG","AGRWTH","M","2023-02",3.634232,
"LUX","CPI","TOT_FOODENRG","AGRWTH","M","2023-03",3.430932,
"LUX","CPI","TOT_FOODENRG","AGRWTH","M","2023-04",3.85164,
"LUX","CPI","TOT_FOODENRG","AGRWTH","M","2023-05",3.754327,
"LUX","CPI","TOT_FOODENRG","AGRWTH","M","2023-06",3.763393,
"LUX","CPI","TOT_FOODENRG","AGRWTH","M","2023-07",4.120854,
"LUX","CPI","TOT_FOODENRG","AGRWTH","M","2023-08",3.818406,
"LUX","CPI","TOT_FOODENRG","AGRWTH","M","2023-09",3.720317,
"LUX","CPI","TOT_FOODENRG","AGRWTH","M","2023-10",3.709238,
"OECDE","CPI","TOT_FOODENRG","AGRWTH","M","2022-10",11.37441,
"OECDE","CPI","TOT_FOODENRG","AGRWTH","M","2022-11",11.44755,
"OECDE","CPI","TOT_FOODENRG","AGRWTH","M","2022-12",10.51075,
"OECDE","CPI","TOT_FOODENRG","AGRWTH","M","2023-01",10.61942,
"OECDE","CPI","TOT_FOODENRG","AGRWTH","M","2023-02",10.70745,
"OECDE","CPI","TOT_FOODENRG","AGRWTH","M","2023-03",10.41874,
"OECDE","CPI","TOT_FOODENRG","AGRWTH","M","2023-04",10.23295,
"OECDE","CPI","TOT_FOODENRG","AGRWTH","M","2023-05",10.02894,
"OECDE","CPI","TOT_FOODENRG","AGRWTH","M","2023-06",10.05125,
"OECDE","CPI","TOT_FOODENRG","AGRWTH","M","2023-07",10.67858,
"OECDE","CPI","TOT_FOODENRG","AGRWTH","M","2023-08",11.19265,
"OECDE","CPI","TOT_FOODENRG","AGRWTH","M","2023-09",11.16645,
"OECDE","CPI","TOT_FOODENRG","AGRWTH","M","2023-10",10.99764,
"GBR","CPI","TOT_FOODENRG","AGRWTH","M","2022-10",5.8,
"GBR","CPI","TOT_FOODENRG","AGRWTH","M","2022-11",5.7,
"GBR","CPI","TOT_FOODENRG","AGRWTH","M","2022-12",5.8,
"GBR","CPI","TOT_FOODENRG","AGRWTH","M","2023-01",5.3,
"GBR","CPI","TOT_FOODENRG","AGRWTH","M","2023-02",5.7,
"GBR","CPI","TOT_FOODENRG","AGRWTH","M","2023-03",5.7,
"GBR","CPI","TOT_FOODENRG","AGRWTH","M","2023-04",6.2,
"GBR","CPI","TOT_FOODENRG","AGRWTH","M","2023-05",6.5,
"GBR","CPI","TOT_FOODENRG","AGRWTH","M","2023-06",6.4,
"GBR","CPI","TOT_FOODENRG","AGRWTH","M","2023-07",6.4,
"GBR","CPI","TOT_FOODENRG","AGRWTH","M","2023-08",5.9,
"GBR","CPI","TOT_FOODENRG","AGRWTH","M","2023-09",5.9,
"GBR","CPI","TOT_FOODENRG","AGRWTH","M","2023-10",5.6,
"BEL","CPI","TOT_FOODENRG","AGRWTH","M","2022-10",5.53803,
"BEL","CPI","TOT_FOODENRG","AGRWTH","M","2022-11",6.004902,
"BEL","CPI","TOT_FOODENRG","AGRWTH","M","2022-12",6.102019,
"BEL","CPI","TOT_FOODENRG","AGRWTH","M","2023-01",6.71687,
"BEL","CPI","TOT_FOODENRG","AGRWTH","M","2023-02",6.89804,
"BEL","CPI","TOT_FOODENRG","AGRWTH","M","2023-03",7.104154,
"BEL","CPI","TOT_FOODENRG","AGRWTH","M","2023-04",6.905415,
"BEL","CPI","TOT_FOODENRG","AGRWTH","M","2023-05",7.560372,
"BEL","CPI","TOT_FOODENRG","AGRWTH","M","2023-06",7.096774,
"BEL","CPI","TOT_FOODENRG","AGRWTH","M","2023-07",7.016658,
"BEL","CPI","TOT_FOODENRG","AGRWTH","M","2023-08",6.887883,
"BEL","CPI","TOT_FOODENRG","AGRWTH","M","2023-09",6.267759,
"BEL","CPI","TOT_FOODENRG","AGRWTH","M","2023-10",6.193955,
"POL","CPI","TOT_FOODENRG","AGRWTH","M","2022-10",11,
"POL","CPI","TOT_FOODENRG","AGRWTH","M","2022-11",11.4,
"POL","CPI","TOT_FOODENRG","AGRWTH","M","2022-12",11.5,
"POL","CPI","TOT_FOODENRG","AGRWTH","M","2023-01",11.7,
"POL","CPI","TOT_FOODENRG","AGRWTH","M","2023-02",12,
"POL","CPI","TOT_FOODENRG","AGRWTH","M","2023-03",12.3,
"POL","CPI","TOT_FOODENRG","AGRWTH","M","2023-04",12.2,
"POL","CPI","TOT_FOODENRG","AGRWTH","M","2023-05",11.5,
"POL","CPI","TOT_FOODENRG","AGRWTH","M","2023-06",11.1,
"POL","CPI","TOT_FOODENRG","AGRWTH","M","2023-07",10.6,
"POL","CPI","TOT_FOODENRG","AGRWTH","M","2023-08",10,
"POL","CPI","TOT_FOODENRG","AGRWTH","M","2023-09",8.4,
"POL","CPI","TOT_FOODENRG","AGRWTH","M","2023-10",8,
"GRC","CPI","TOT_FOODENRG","AGRWTH","M","2022-10",5.011335,
"GRC","CPI","TOT_FOODENRG","AGRWTH","M","2022-11",5.703291,
"GRC","CPI","TOT_FOODENRG","AGRWTH","M","2022-12",5.054078,
"GRC","CPI","TOT_FOODENRG","AGRWTH","M","2023-01",5.832399,
"GRC","CPI","TOT_FOODENRG","AGRWTH","M","2023-02",6.343943,
"GRC","CPI","TOT_FOODENRG","AGRWTH","M","2023-03",6.54455,
"GRC","CPI","TOT_FOODENRG","AGRWTH","M","2023-04",5.982305,
"GRC","CPI","TOT_FOODENRG","AGRWTH","M","2023-05",6.494284,
"GRC","CPI","TOT_FOODENRG","AGRWTH","M","2023-06",4.810402,
"GRC","CPI","TOT_FOODENRG","AGRWTH","M","2023-07",5.310959,
"GRC","CPI","TOT_FOODENRG","AGRWTH","M","2023-08",5.160869,
"GRC","CPI","TOT_FOODENRG","AGRWTH","M","2023-09",3.853561,
"GRC","CPI","TOT_FOODENRG","AGRWTH","M","2023-10",3.421749,
"NOR","CPI","TOT_FOODENRG","AGRWTH","M","2022-10",4.653893,
"NOR","CPI","TOT_FOODENRG","AGRWTH","M","2022-11",4.4467,
"NOR","CPI","TOT_FOODENRG","AGRWTH","M","2022-12",4.950791,
"NOR","CPI","TOT_FOODENRG","AGRWTH","M","2023-01",5.683609,
"NOR","CPI","TOT_FOODENRG","AGRWTH","M","2023-02",5.596801,
"NOR","CPI","TOT_FOODENRG","AGRWTH","M","2023-03",5.978484,
"NOR","CPI","TOT_FOODENRG","AGRWTH","M","2023-04",5.934958,
"NOR","CPI","TOT_FOODENRG","AGRWTH","M","2023-05",6.032062,
"NOR","CPI","TOT_FOODENRG","AGRWTH","M","2023-06",6.144366,
"NOR","CPI","TOT_FOODENRG","AGRWTH","M","2023-07",6.245761,
"NOR","CPI","TOT_FOODENRG","AGRWTH","M","2023-08",6.091815,
"NOR","CPI","TOT_FOODENRG","AGRWTH","M","2023-09",5.617853,
"NOR","CPI","TOT_FOODENRG","AGRWTH","M","2023-10",5.802736,
"JPN","CPI","TOT_FOODENRG","AGRWTH","M","2022-10",1.720648,
"JPN","CPI","TOT_FOODENRG","AGRWTH","M","2022-11",1.720648,
"JPN","CPI","TOT_FOODENRG","AGRWTH","M","2022-12",1.823708,
"JPN","CPI","TOT_FOODENRG","AGRWTH","M","2023-01",2.13198,
"JPN","CPI","TOT_FOODENRG","AGRWTH","M","2023-02",2.332657,
"JPN","CPI","TOT_FOODENRG","AGRWTH","M","2023-03",2.631579,
"JPN","CPI","TOT_FOODENRG","AGRWTH","M","2023-04",2.822581,
"JPN","CPI","TOT_FOODENRG","AGRWTH","M","2023-05",2.917505,
"JPN","CPI","TOT_FOODENRG","AGRWTH","M","2023-06",2.819738,
"JPN","CPI","TOT_FOODENRG","AGRWTH","M","2023-07",2.805611,
"JPN","CPI","TOT_FOODENRG","AGRWTH","M","2023-08",2.9,
"JPN","CPI","TOT_FOODENRG","AGRWTH","M","2023-09",2.797203,
"JPN","CPI","TOT_FOODENRG","AGRWTH","M","2023-10",2.78607,
"IRL","CPI","TOT_FOODENRG","AGRWTH","M","2022-10",4.994514,
"IRL","CPI","TOT_FOODENRG","AGRWTH","M","2022-11",4.999982,
"IRL","CPI","TOT_FOODENRG","AGRWTH","M","2022-12",4.999758,
"IRL","CPI","TOT_FOODENRG","AGRWTH","M","2023-01",4.42816,
"IRL","CPI","TOT_FOODENRG","AGRWTH","M","2023-02",5.557458,
"IRL","CPI","TOT_FOODENRG","AGRWTH","M","2023-03",6.396677,
"IRL","CPI","TOT_FOODENRG","AGRWTH","M","2023-04",5.795609,
"IRL","CPI","TOT_FOODENRG","AGRWTH","M","2023-05",6.309308,
"IRL","CPI","TOT_FOODENRG","AGRWTH","M","2023-06",6.663793,
"IRL","CPI","TOT_FOODENRG","AGRWTH","M","2023-07",6.230149,
"IRL","CPI","TOT_FOODENRG","AGRWTH","M","2023-08",6.154613,
"IRL","CPI","TOT_FOODENRG","AGRWTH","M","2023-09",5.824357,
"IRL","CPI","TOT_FOODENRG","AGRWTH","M","2023-10",6.143732,
"DNK","CPI","TOT_FOODENRG","AGRWTH","M","2022-10",5.072371,
"DNK","CPI","TOT_FOODENRG","AGRWTH","M","2022-11",5.110088,
"DNK","CPI","TOT_FOODENRG","AGRWTH","M","2022-12",5.661147,
"DNK","CPI","TOT_FOODENRG","AGRWTH","M","2023-01",5.685968,
"DNK","CPI","TOT_FOODENRG","AGRWTH","M","2023-02",5.801641,
"DNK","CPI","TOT_FOODENRG","AGRWTH","M","2023-03",5.288049,
"DNK","CPI","TOT_FOODENRG","AGRWTH","M","2023-04",5.12414,
"DNK","CPI","TOT_FOODENRG","AGRWTH","M","2023-05",4.203535,
"DNK","CPI","TOT_FOODENRG","AGRWTH","M","2023-06",4.342598,
"DNK","CPI","TOT_FOODENRG","AGRWTH","M","2023-07",5.01306,
"DNK","CPI","TOT_FOODENRG","AGRWTH","M","2023-08",4.124013,
"DNK","CPI","TOT_FOODENRG","AGRWTH","M","2023-09",3.483976,
"DNK","CPI","TOT_FOODENRG","AGRWTH","M","2023-10",3.326524,
"TUR","CPI","TOT_FOODENRG","AGRWTH","M","2022-10",71.71898,
"TUR","CPI","TOT_FOODENRG","AGRWTH","M","2022-11",70.58004,
"TUR","CPI","TOT_FOODENRG","AGRWTH","M","2022-12",54.27856,
"TUR","CPI","TOT_FOODENRG","AGRWTH","M","2023-01",54.24629,
"TUR","CPI","TOT_FOODENRG","AGRWTH","M","2023-02",51.90286,
"TUR","CPI","TOT_FOODENRG","AGRWTH","M","2023-03",48.44623,
"TUR","CPI","TOT_FOODENRG","AGRWTH","M","2023-04",45.978,
"TUR","CPI","TOT_FOODENRG","AGRWTH","M","2023-05",46.20127,
"TUR","CPI","TOT_FOODENRG","AGRWTH","M","2023-06",47.35726,
"TUR","CPI","TOT_FOODENRG","AGRWTH","M","2023-07",55.83555,
"TUR","CPI","TOT_FOODENRG","AGRWTH","M","2023-08",64.3329,
"TUR","CPI","TOT_FOODENRG","AGRWTH","M","2023-09",68.9534,
"TUR","CPI","TOT_FOODENRG","AGRWTH","M","2023-10",69.4783,
"EST","CPI","TOT_FOODENRG","AGRWTH","M","2022-10",12.1939,
"EST","CPI","TOT_FOODENRG","AGRWTH","M","2022-11",11.62444,
"EST","CPI","TOT_FOODENRG","AGRWTH","M","2022-12",11.79386,
"EST","CPI","TOT_FOODENRG","AGRWTH","M","2023-01",12.19029,
"EST","CPI","TOT_FOODENRG","AGRWTH","M","2023-02",12.12568,
"EST","CPI","TOT_FOODENRG","AGRWTH","M","2023-03",11.93595,
"EST","CPI","TOT_FOODENRG","AGRWTH","M","2023-04",10.47619,
"EST","CPI","TOT_FOODENRG","AGRWTH","M","2023-05",10.28436,
"EST","CPI","TOT_FOODENRG","AGRWTH","M","2023-06",9.421641,
"EST","CPI","TOT_FOODENRG","AGRWTH","M","2023-07",7.738715,
"EST","CPI","TOT_FOODENRG","AGRWTH","M","2023-08",7.223989,
"EST","CPI","TOT_FOODENRG","AGRWTH","M","2023-09",6.297796,
"EST","CPI","TOT_FOODENRG","AGRWTH","M","2023-10",4.944321,
"SVN","CPI","TOT_FOODENRG","AGRWTH","M","2022-10",6.724573,
"SVN","CPI","TOT_FOODENRG","AGRWTH","M","2022-11",6.50218,
"SVN","CPI","TOT_FOODENRG","AGRWTH","M","2022-12",7.397413,
"SVN","CPI","TOT_FOODENRG","AGRWTH","M","2023-01",7.992167,
"SVN","CPI","TOT_FOODENRG","AGRWTH","M","2023-02",7.670271,
"SVN","CPI","TOT_FOODENRG","AGRWTH","M","2023-03",7.747848,
"SVN","CPI","TOT_FOODENRG","AGRWTH","M","2023-04",7.969175,
"SVN","CPI","TOT_FOODENRG","AGRWTH","M","2023-05",7.951591,
"SVN","CPI","TOT_FOODENRG","AGRWTH","M","2023-06",7.963504,
"SVN","CPI","TOT_FOODENRG","AGRWTH","M","2023-07",7.773758,
"SVN","CPI","TOT_FOODENRG","AGRWTH","M","2023-08",7.332101,
"SVN","CPI","TOT_FOODENRG","AGRWTH","M","2023-09",7.172438,
"SVN","CPI","TOT_FOODENRG","AGRWTH","M","2023-10",6.502144,
"USA","CPI","TOT_FOODENRG","AGRWTH","M","2022-10",6.284422,
"USA","CPI","TOT_FOODENRG","AGRWTH","M","2022-11",5.957829,
"USA","CPI","TOT_FOODENRG","AGRWTH","M","2022-12",5.707835,
"USA","CPI","TOT_FOODENRG","AGRWTH","M","2023-01",5.582595,
"USA","CPI","TOT_FOODENRG","AGRWTH","M","2023-02",5.537755,
"USA","CPI","TOT_FOODENRG","AGRWTH","M","2023-03",5.589602,
"USA","CPI","TOT_FOODENRG","AGRWTH","M","2023-04",5.519416,
"USA","CPI","TOT_FOODENRG","AGRWTH","M","2023-05",5.329805,
"USA","CPI","TOT_FOODENRG","AGRWTH","M","2023-06",4.828967,
"USA","CPI","TOT_FOODENRG","AGRWTH","M","2023-07",4.652862,
"USA","CPI","TOT_FOODENRG","AGRWTH","M","2023-08",4.349245,
"USA","CPI","TOT_FOODENRG","AGRWTH","M","2023-09",4.146534,
"USA","CPI","TOT_FOODENRG","AGRWTH","M","2023-10",4.03087,
"CHL","CPI","TOT_FOODENRG","AGRWTH","M","2022-10",9.275284,
"CHL","CPI","TOT_FOODENRG","AGRWTH","M","2022-11",9.469153,
"CHL","CPI","TOT_FOODENRG","AGRWTH","M","2022-12",8.61686,
"CHL","CPI","TOT_FOODENRG","AGRWTH","M","2023-01",8.60933,
"CHL","CPI","TOT_FOODENRG","AGRWTH","M","2023-02",9.090909,
"CHL","CPI","TOT_FOODENRG","AGRWTH","M","2023-03",9.350513,
"CHL","CPI","TOT_FOODENRG","AGRWTH","M","2023-04",8.670172,
"CHL","CPI","TOT_FOODENRG","AGRWTH","M","2023-05",7.861716,
"CHL","CPI","TOT_FOODENRG","AGRWTH","M","2023-06",6.929267,
"CHL","CPI","TOT_FOODENRG","AGRWTH","M","2023-07",6.235314,
"CHL","CPI","TOT_FOODENRG","AGRWTH","M","2023-08",5.174278,
"CHL","CPI","TOT_FOODENRG","AGRWTH","M","2023-09",5.153273,
"CHL","CPI","TOT_FOODENRG","AGRWTH","M","2023-10",4.751299,
"AUT","CPI","TOT_FOODENRG","AGRWTH","M","2022-10",6.990291,
"AUT","CPI","TOT_FOODENRG","AGRWTH","M","2022-11",7.05314,
"AUT","CPI","TOT_FOODENRG","AGRWTH","M","2022-12",7.677543,
"AUT","CPI","TOT_FOODENRG","AGRWTH","M","2023-01",8.277189,
"AUT","CPI","TOT_FOODENRG","AGRWTH","M","2023-02",8.708134,
"AUT","CPI","TOT_FOODENRG","AGRWTH","M","2023-03",8.522727,
"AUT","CPI","TOT_FOODENRG","AGRWTH","M","2023-04",9.073724,
"AUT","CPI","TOT_FOODENRG","AGRWTH","M","2023-05",8.622306,
"AUT","CPI","TOT_FOODENRG","AGRWTH","M","2023-06",8.271376,
"AUT","CPI","TOT_FOODENRG","AGRWTH","M","2023-07",7.955596,
"AUT","CPI","TOT_FOODENRG","AGRWTH","M","2023-08",7.465438,
"AUT","CPI","TOT_FOODENRG","AGRWTH","M","2023-09",7.227813,
"AUT","CPI","TOT_FOODENRG","AGRWTH","M","2023-10",6.62432,
"PRT","CPI","TOT_FOODENRG","AGRWTH","M","2022-10",7.127307,
"PRT","CPI","TOT_FOODENRG","AGRWTH","M","2022-11",7.227097,
"PRT","CPI","TOT_FOODENRG","AGRWTH","M","2022-12",7.314771,
"PRT","CPI","TOT_FOODENRG","AGRWTH","M","2023-01",7.023506,
"PRT","CPI","TOT_FOODENRG","AGRWTH","M","2023-02",7.210179,
"PRT","CPI","TOT_FOODENRG","AGRWTH","M","2023-03",7.01107,
"PRT","CPI","TOT_FOODENRG","AGRWTH","M","2023-04",6.545455,
"PRT","CPI","TOT_FOODENRG","AGRWTH","M","2023-05",5.433213,
"PRT","CPI","TOT_FOODENRG","AGRWTH","M","2023-06",5.252743,
"PRT","CPI","TOT_FOODENRG","AGRWTH","M","2023-07",4.665644,
"PRT","CPI","TOT_FOODENRG","AGRWTH","M","2023-08",4.474919,
"PRT","CPI","TOT_FOODENRG","AGRWTH","M","2023-09",4.060057,
"PRT","CPI","TOT_FOODENRG","AGRWTH","M","2023-10",3.516522,
"ISR","CPI","TOT_FOODENRG","AGRWTH","M","2022-10",5.268595,
"ISR","CPI","TOT_FOODENRG","AGRWTH","M","2022-11",5.371901,
"ISR","CPI","TOT_FOODENRG","AGRWTH","M","2022-12",5.144033,
"ISR","CPI","TOT_FOODENRG","AGRWTH","M","2023-01",5.043973,
"ISR","CPI","TOT_FOODENRG","AGRWTH","M","2023-02",5.165075,
"ISR","CPI","TOT_FOODENRG","AGRWTH","M","2023-03",5.184386,
"ISR","CPI","TOT_FOODENRG","AGRWTH","M","2023-04",5.33498,
"ISR","CPI","TOT_FOODENRG","AGRWTH","M","2023-05",5.013688,
"ISR","CPI","TOT_FOODENRG","AGRWTH","M","2023-06",4.725075,
"ISR","CPI","TOT_FOODENRG","AGRWTH","M","2023-07",3.870736,
"ISR","CPI","TOT_FOODENRG","AGRWTH","M","2023-08",3.983656,
"ISR","CPI","TOT_FOODENRG","AGRWTH","M","2023-09",3.445822,
"ISR","CPI","TOT_FOODENRG","AGRWTH","M","2023-10",3.248048,
"NLD","CPI","TOT_FOODENRG","AGRWTH","M","2022-10",5.867914,
"NLD","CPI","TOT_FOODENRG","AGRWTH","M","2022-11",5.478258,
"NLD","CPI","TOT_FOODENRG","AGRWTH","M","2022-12",6.034873,
"NLD","CPI","TOT_FOODENRG","AGRWTH","M","2023-01",6.219802,
"NLD","CPI","TOT_FOODENRG","AGRWTH","M","2023-02",6.576738,
"NLD","CPI","TOT_FOODENRG","AGRWTH","M","2023-03",6.567301,
"NLD","CPI","TOT_FOODENRG","AGRWTH","M","2023-04",6.51161,
"NLD","CPI","TOT_FOODENRG","AGRWTH","M","2023-05",6.821811,
"NLD","CPI","TOT_FOODENRG","AGRWTH","M","2023-06",6.244717,
"NLD","CPI","TOT_FOODENRG","AGRWTH","M","2023-07",6.02103,
"NLD","CPI","TOT_FOODENRG","AGRWTH","M","2023-08",5.917405,
"NLD","CPI","TOT_FOODENRG","AGRWTH","M","2023-09",4.871523,
"NLD","CPI","TOT_FOODENRG","AGRWTH","M","2023-10",4.570295,
"LVA","CPI","TOT_FOODENRG","AGRWTH","M","2022-10",8.726847,
"LVA","CPI","TOT_FOODENRG","AGRWTH","M","2022-11",9.836513,
"LVA","CPI","TOT_FOODENRG","AGRWTH","M","2022-12",10.05508,
"LVA","CPI","TOT_FOODENRG","AGRWTH","M","2023-01",10.34851,
"LVA","CPI","TOT_FOODENRG","AGRWTH","M","2023-02",10.51136,
"LVA","CPI","TOT_FOODENRG","AGRWTH","M","2023-03",10.32628,
"LVA","CPI","TOT_FOODENRG","AGRWTH","M","2023-04",9.871683,
"LVA","CPI","TOT_FOODENRG","AGRWTH","M","2023-05",9.724744,
"LVA","CPI","TOT_FOODENRG","AGRWTH","M","2023-06",8.575929,
"LVA","CPI","TOT_FOODENRG","AGRWTH","M","2023-07",8.701474,
"LVA","CPI","TOT_FOODENRG","AGRWTH","M","2023-08",7.869575,
"LVA","CPI","TOT_FOODENRG","AGRWTH","M","2023-09",7.350856,
"LVA","CPI","TOT_FOODENRG","AGRWTH","M","2023-10",6.053735,
"ISL","CPI","TOT_FOODENRG","AGRWTH","M","2022-10",8.741519,
"ISL","CPI","TOT_FOODENRG","AGRWTH","M","2022-11",8.581556,
"ISL","CPI","TOT_FOODENRG","AGRWTH","M","2022-12",8.93674,
"ISL","CPI","TOT_FOODENRG","AGRWTH","M","2023-01",9.187405,
"ISL","CPI","TOT_FOODENRG","AGRWTH","M","2023-02",9.469533,
"ISL","CPI","TOT_FOODENRG","AGRWTH","M","2023-03",9.36358,
"ISL","CPI","TOT_FOODENRG","AGRWTH","M","2023-04",9.55266,
"ISL","CPI","TOT_FOODENRG","AGRWTH","M","2023-05",9.269022,
"ISL","CPI","TOT_FOODENRG","AGRWTH","M","2023-06",9.087695,
"ISL","CPI","TOT_FOODENRG","AGRWTH","M","2023-07",7.559282,
"ISL","CPI","TOT_FOODENRG","AGRWTH","M","2023-08",7.354179,
"ISL","CPI","TOT_FOODENRG","AGRWTH","M","2023-09",7.476879,
"ISL","CPI","TOT_FOODENRG","AGRWTH","M","2023-10",7.569598,
"CHE","CPI","TOT_FOODENRG","AGRWTH","M","2022-10",1.606275,
"CHE","CPI","TOT_FOODENRG","AGRWTH","M","2022-11",1.679196,
"CHE","CPI","TOT_FOODENRG","AGRWTH","M","2022-12",1.763975,
"CHE","CPI","TOT_FOODENRG","AGRWTH","M","2023-01",1.837392,
"CHE","CPI","TOT_FOODENRG","AGRWTH","M","2023-02",2.030307,
"CHE","CPI","TOT_FOODENRG","AGRWTH","M","2023-03",1.928564,
"CHE","CPI","TOT_FOODENRG","AGRWTH","M","2023-04",1.850899,
"CHE","CPI","TOT_FOODENRG","AGRWTH","M","2023-05",1.630003,
"CHE","CPI","TOT_FOODENRG","AGRWTH","M","2023-06",1.453593,
"CHE","CPI","TOT_FOODENRG","AGRWTH","M","2023-07",1.37,
"CHE","CPI","TOT_FOODENRG","AGRWTH","M","2023-08",1.252038,
"CHE","CPI","TOT_FOODENRG","AGRWTH","M","2023-09",1.098752,
"CHE","CPI","TOT_FOODENRG","AGRWTH","M","2023-10",1.310665,
"OECD","CPI","TOT_FOODENRG","AGRWTH","M","2022-10",7.7612,
"OECD","CPI","TOT_FOODENRG","AGRWTH","M","2022-11",7.662019,
"OECD","CPI","TOT_FOODENRG","AGRWTH","M","2022-12",7.22788,
"OECD","CPI","TOT_FOODENRG","AGRWTH","M","2023-01",7.226328,
"OECD","CPI","TOT_FOODENRG","AGRWTH","M","2023-02",7.250679,
"OECD","CPI","TOT_FOODENRG","AGRWTH","M","2023-03",7.188559,
"OECD","CPI","TOT_FOODENRG","AGRWTH","M","2023-04",7.072116,
"OECD","CPI","TOT_FOODENRG","AGRWTH","M","2023-05",6.90269,
"OECD","CPI","TOT_FOODENRG","AGRWTH","M","2023-06",6.638897,
"OECD","CPI","TOT_FOODENRG","AGRWTH","M","2023-07",6.736227,
"OECD","CPI","TOT_FOODENRG","AGRWTH","M","2023-08",6.768083,
"OECD","CPI","TOT_FOODENRG","AGRWTH","M","2023-09",6.639419,
"OECD","CPI","TOT_FOODENRG","AGRWTH","M","2023-10",6.50672,
"DEU","CPI","TOT_FOODENRG","AGRWTH","M","2022-10",4.843318,
"DEU","CPI","TOT_FOODENRG","AGRWTH","M","2022-11",5.032588,
"DEU","CPI","TOT_FOODENRG","AGRWTH","M","2022-12",5.234421,
"DEU","CPI","TOT_FOODENRG","AGRWTH","M","2023-01",5.676911,
"DEU","CPI","TOT_FOODENRG","AGRWTH","M","2023-02",5.863983,
"DEU","CPI","TOT_FOODENRG","AGRWTH","M","2023-03",5.731672,
"DEU","CPI","TOT_FOODENRG","AGRWTH","M","2023-04",5.709996,
"DEU","CPI","TOT_FOODENRG","AGRWTH","M","2023-05",5.155817,
"DEU","CPI","TOT_FOODENRG","AGRWTH","M","2023-06",5.64028,
"DEU","CPI","TOT_FOODENRG","AGRWTH","M","2023-07",5.462616,
"DEU","CPI","TOT_FOODENRG","AGRWTH","M","2023-08",5.509792,
"DEU","CPI","TOT_FOODENRG","AGRWTH","M","2023-09",4.468287,
"DEU","CPI","TOT_FOODENRG","AGRWTH","M","2023-10",4.246858,
"SVK","CPI","TOT_FOODENRG","AGRWTH","M","2022-10",10.57796,
"SVK","CPI","TOT_FOODENRG","AGRWTH","M","2022-11",10.79982,
"SVK","CPI","TOT_FOODENRG","AGRWTH","M","2022-12",11.07115,
"SVK","CPI","TOT_FOODENRG","AGRWTH","M","2023-01",11.84344,
"SVK","CPI","TOT_FOODENRG","AGRWTH","M","2023-02",12.12872,
"SVK","CPI","TOT_FOODENRG","AGRWTH","M","2023-03",11.63656,
"SVK","CPI","TOT_FOODENRG","AGRWTH","M","2023-04",11.2057,
"SVK","CPI","TOT_FOODENRG","AGRWTH","M","2023-05",9.907554,
"SVK","CPI","TOT_FOODENRG","AGRWTH","M","2023-06",9.480067,
"SVK","CPI","TOT_FOODENRG","AGRWTH","M","2023-07",8.383211,
"SVK","CPI","TOT_FOODENRG","AGRWTH","M","2023-08",7.545746,
"SVK","CPI","TOT_FOODENRG","AGRWTH","M","2023-09",7.214763,
"SVK","CPI","TOT_FOODENRG","AGRWTH","M","2023-10",6.69875,
"CZE","CPI","TOT_FOODENRG","AGRWTH","M","2022-10",13.17957,
"CZE","CPI","TOT_FOODENRG","AGRWTH","M","2022-11",13.12551,
"CZE","CPI","TOT_FOODENRG","AGRWTH","M","2022-12",12.10398,
"CZE","CPI","TOT_FOODENRG","AGRWTH","M","2023-01",11.61496,
"CZE","CPI","TOT_FOODENRG","AGRWTH","M","2023-02",11.44436,
"CZE","CPI","TOT_FOODENRG","AGRWTH","M","2023-03",10.87637,
"CZE","CPI","TOT_FOODENRG","AGRWTH","M","2023-04",9.582689,
"CZE","CPI","TOT_FOODENRG","AGRWTH","M","2023-05",8.384147,
"CZE","CPI","TOT_FOODENRG","AGRWTH","M","2023-06",7.524455,
"CZE","CPI","TOT_FOODENRG","AGRWTH","M","2023-07",7.063197,
"CZE","CPI","TOT_FOODENRG","AGRWTH","M","2023-08",6.489676,
"CZE","CPI","TOT_FOODENRG","AGRWTH","M","2023-09",5.653451,
"CZE","CPI","TOT_FOODENRG","AGRWTH","M","2023-10",5.021834,
"COL","CPI","FOOD","AGRWTH","M","2022-10",27.02198,
"COL","CPI","FOOD","AGRWTH","M","2022-11",27.08186,
"COL","CPI","FOOD","AGRWTH","M","2022-12",27.80985,
"COL","CPI","FOOD","AGRWTH","M","2023-01",26.17704,
"COL","CPI","FOOD","AGRWTH","M","2023-02",24.13994,
"COL","CPI","FOOD","AGRWTH","M","2023-03",21.81017,
"COL","CPI","FOOD","AGRWTH","M","2023-04",18.4716,
"COL","CPI","FOOD","AGRWTH","M","2023-05",15.66063,
"COL","CPI","FOOD","AGRWTH","M","2023-06",14.31133,
"COL","CPI","FOOD","AGRWTH","M","2023-07",13.24201,
"COL","CPI","FOOD","AGRWTH","M","2023-08",12.44343,
"COL","CPI","FOOD","AGRWTH","M","2023-09",11.47427,
"COL","CPI","FOOD","AGRWTH","M","2023-10",10.36468,
"COL","CPI","TOT_FOODENRG","AGRWTH","M","2022-10",8.235545,
"COL","CPI","TOT_FOODENRG","AGRWTH","M","2022-11",8.61253,
"COL","CPI","TOT_FOODENRG","AGRWTH","M","2022-12",9.230575,
"COL","CPI","TOT_FOODENRG","AGRWTH","M","2023-01",9.706124,
"COL","CPI","TOT_FOODENRG","AGRWTH","M","2023-02",10.15017,
"COL","CPI","TOT_FOODENRG","AGRWTH","M","2023-03",10.53041,
"COL","CPI","TOT_FOODENRG","AGRWTH","M","2023-04",10.59589,
"COL","CPI","TOT_FOODENRG","AGRWTH","M","2023-05",10.54225,
"COL","CPI","TOT_FOODENRG","AGRWTH","M","2023-06",10.53848,
"COL","CPI","TOT_FOODENRG","AGRWTH","M","2023-07",10.36975,
"COL","CPI","TOT_FOODENRG","AGRWTH","M","2023-08",10.09342,
"COL","CPI","TOT_FOODENRG","AGRWTH","M","2023-09",9.797694,
"COL","CPI","TOT_FOODENRG","AGRWTH","M","2023-10",9.486065,
"ARG","CPI","TOT","AGRWTH","M","2022-10",88.03568,
"ARG","CPI","TOT","AGRWTH","M","2022-11",92.41278,
"ARG","CPI","TOT","AGRWTH","M","2022-12",94.79318,
"ARG","CPI","TOT","AGRWTH","M","2023-01",98.82909,
"ARG","CPI","TOT","AGRWTH","M","2023-02",102.5008,
"ARG","CPI","TOT","AGRWTH","M","2023-03",104.2965,
"ARG","CPI","TOT","AGRWTH","M","2023-04",108.8341,
"ARG","CPI","TOT","AGRWTH","M","2023-05",114.2463,
"ARG","CPI","TOT","AGRWTH","M","2023-06",115.5803,
"ARG","CPI","TOT","AGRWTH","M","2023-07",113.45,
"ARG","CPI","TOT","AGRWTH","M","2023-08",124.3675,
"ARG","CPI","TOT","AGRWTH","M","2023-09",138.2824,
"ARG","CPI","TOT","AGRWTH","M","2023-10",142.6615,
"LTU","CPI","FOOD","AGRWTH","M","2022-10",33.65899,
"LTU","CPI","FOOD","AGRWTH","M","2022-11",35.5937,
"LTU","CPI","FOOD","AGRWTH","M","2022-12",34.69491,
"LTU","CPI","FOOD","AGRWTH","M","2023-01",33.1834,
"LTU","CPI","FOOD","AGRWTH","M","2023-02",30.18281,
"LTU","CPI","FOOD","AGRWTH","M","2023-03",27.61384,
"LTU","CPI","FOOD","AGRWTH","M","2023-04",21.91546,
"LTU","CPI","FOOD","AGRWTH","M","2023-05",18.24821,
"LTU","CPI","FOOD","AGRWTH","M","2023-06",14.36678,
"LTU","CPI","FOOD","AGRWTH","M","2023-07",12.57823,
"LTU","CPI","FOOD","AGRWTH","M","2023-08",10.68813,
"LTU","CPI","FOOD","AGRWTH","M","2023-09",8.312303,
"LTU","CPI","FOOD","AGRWTH","M","2023-10",5.601177,
"LTU","CPI","TOT","AGRWTH","M","2022-10",23.55538,
"LTU","CPI","TOT","AGRWTH","M","2022-11",22.89403,
"LTU","CPI","TOT","AGRWTH","M","2022-12",21.73751,
"LTU","CPI","TOT","AGRWTH","M","2023-01",20.01993,
"LTU","CPI","TOT","AGRWTH","M","2023-02",18.73836,
"LTU","CPI","TOT","AGRWTH","M","2023-03",16.61371,
"LTU","CPI","TOT","AGRWTH","M","2023-04",14.48544,
"LTU","CPI","TOT","AGRWTH","M","2023-05",11.68112,
"LTU","CPI","TOT","AGRWTH","M","2023-06",9.041448,
"LTU","CPI","TOT","AGRWTH","M","2023-07",7.446979,
"LTU","CPI","TOT","AGRWTH","M","2023-08",6.17034,
"LTU","CPI","TOT","AGRWTH","M","2023-09",3.713884,
"LTU","CPI","TOT","AGRWTH","M","2023-10",2.81322,
"LTU","CPI","TOT_FOODENRG","AGRWTH","M","2022-10",11.93776,
"LTU","CPI","TOT_FOODENRG","AGRWTH","M","2022-11",12.41317,
"LTU","CPI","TOT_FOODENRG","AGRWTH","M","2022-12",12.7885,
"LTU","CPI","TOT_FOODENRG","AGRWTH","M","2023-01",12.28607,
"LTU","CPI","TOT_FOODENRG","AGRWTH","M","2023-02",12.17021,
"LTU","CPI","TOT_FOODENRG","AGRWTH","M","2023-03",12.27304,
"LTU","CPI","TOT_FOODENRG","AGRWTH","M","2023-04",12.00093,
"LTU","CPI","TOT_FOODENRG","AGRWTH","M","2023-05",11.1666,
"LTU","CPI","TOT_FOODENRG","AGRWTH","M","2023-06",10.48945,
"LTU","CPI","TOT_FOODENRG","AGRWTH","M","2023-07",10.47882,
"LTU","CPI","TOT_FOODENRG","AGRWTH","M","2023-08",9.856385,
"LTU","CPI","TOT_FOODENRG","AGRWTH","M","2023-09",8.636217,
"LTU","CPI","TOT_FOODENRG","AGRWTH","M","2023-10",7.688626,
"G-20","CPI","TOT","AGRWTH","M","2022-10",9.444175,
"G-20","CPI","TOT","AGRWTH","M","2022-11",8.999818,
"G-20","CPI","TOT","AGRWTH","M","2022-12",8.492246,
"G-20","CPI","TOT","AGRWTH","M","2023-01",8.432507,
"G-20","CPI","TOT","AGRWTH","M","2023-02",8.022408,
"G-20","CPI","TOT","AGRWTH","M","2023-03",6.92627,
"G-20","CPI","TOT","AGRWTH","M","2023-04",6.465403,
"G-20","CPI","TOT","AGRWTH","M","2023-05",5.919306,
"G-20","CPI","TOT","AGRWTH","M","2023-06",5.498328,
"G-20","CPI","TOT","AGRWTH","M","2023-07",5.814337,
"G-20","CPI","TOT","AGRWTH","M","2023-08",6.285203,
"G-20","CPI","TOT","AGRWTH","M","2023-09",6.084887,
"ARG","CPI","FOOD","AGRWTH","M","2022-10",91.58672,
"ARG","CPI","FOOD","AGRWTH","M","2022-11",94.19263,
"ARG","CPI","FOOD","AGRWTH","M","2022-12",94.95562,
"ARG","CPI","FOOD","AGRWTH","M","2023-01",98.3623,
"ARG","CPI","FOOD","AGRWTH","M","2023-02",102.6294,
"ARG","CPI","FOOD","AGRWTH","M","2023-03",106.6007,
"ARG","CPI","FOOD","AGRWTH","M","2023-04",114.9655,
"ARG","CPI","FOOD","AGRWTH","M","2023-05",117.8344,
"ARG","CPI","FOOD","AGRWTH","M","2023-06",116.8594,
"ARG","CPI","FOOD","AGRWTH","M","2023-07",116.3359,
"ARG","CPI","FOOD","AGRWTH","M","2023-08",133.4931,
"ARG","CPI","FOOD","AGRWTH","M","2023-09",150.1323,
"ARG","CPI","FOOD","AGRWTH","M","2023-10",153.7554,
"SAU","CPI","FOOD","AGRWTH","M","2022-10",4.35186,
"SAU","CPI","FOOD","AGRWTH","M","2022-11",3.48749,
"SAU","CPI","FOOD","AGRWTH","M","2022-12",4.16702,
"SAU","CPI","FOOD","AGRWTH","M","2023-01",4.235354,
"SAU","CPI","FOOD","AGRWTH","M","2023-02",3.113954,
"SAU","CPI","FOOD","AGRWTH","M","2023-03",2.339427,
"SAU","CPI","FOOD","AGRWTH","M","2023-04",1.030673,
"SAU","CPI","FOOD","AGRWTH","M","2023-05",0.9384261,
"SAU","CPI","FOOD","AGRWTH","M","2023-06",0.9923727,
"SAU","CPI","FOOD","AGRWTH","M","2023-07",1.368628,
"SAU","CPI","FOOD","AGRWTH","M","2023-08",0.3576073,
"SAU","CPI","FOOD","AGRWTH","M","2023-09",-0.2494769,
"SAU","CPI","FOOD","AGRWTH","M","2023-10",0.775883,
"EU27_2020","CPI","FOOD","AGRWTH","M","2022-10",17.3,
"EU27_2020","CPI","FOOD","AGRWTH","M","2022-11",17.9,
"EU27_2020","CPI","FOOD","AGRWTH","M","2022-12",17.8,
"EU27_2020","CPI","FOOD","AGRWTH","M","2023-01",18,
"EU27_2020","CPI","FOOD","AGRWTH","M","2023-02",19.1,
"EU27_2020","CPI","FOOD","AGRWTH","M","2023-03",19.2,
"EU27_2020","CPI","FOOD","AGRWTH","M","2023-04",16.4,
"EU27_2020","CPI","FOOD","AGRWTH","M","2023-05",15,
"EU27_2020","CPI","FOOD","AGRWTH","M","2023-06",13.8,
"EU27_2020","CPI","FOOD","AGRWTH","M","2023-07",12.5,
"EU27_2020","CPI","FOOD","AGRWTH","M","2023-08",10.7,
"EU27_2020","CPI","FOOD","AGRWTH","M","2023-09",9.4,
"EU27_2020","CPI","FOOD","AGRWTH","M","2023-10",7.6,
"EU27_2020","CPI","TOT","AGRWTH","M","2022-10",11.5,
"EU27_2020","CPI","TOT","AGRWTH","M","2022-11",11.1,
"EU27_2020","CPI","TOT","AGRWTH","M","2022-12",10.4,
"EU27_2020","CPI","TOT","AGRWTH","M","2023-01",10,
"EU27_2020","CPI","TOT","AGRWTH","M","2023-02",9.9,
"EU27_2020","CPI","TOT","AGRWTH","M","2023-03",8.3,
"EU27_2020","CPI","TOT","AGRWTH","M","2023-04",8.1,
"EU27_2020","CPI","TOT","AGRWTH","M","2023-05",7.1,
"EU27_2020","CPI","TOT","AGRWTH","M","2023-06",6.4,
"EU27_2020","CPI","TOT","AGRWTH","M","2023-07",6.1,
"EU27_2020","CPI","TOT","AGRWTH","M","2023-08",5.9,
"EU27_2020","CPI","TOT","AGRWTH","M","2023-09",4.9,
"EU27_2020","CPI","TOT","AGRWTH","M","2023-10",3.6,
"EU27_2020","CPI","TOT_FOODENRG","AGRWTH","M","2022-10",6,
"EU27_2020","CPI","TOT_FOODENRG","AGRWTH","M","2022-11",6,
"EU27_2020","CPI","TOT_FOODENRG","AGRWTH","M","2022-12",6.2,
"EU27_2020","CPI","TOT_FOODENRG","AGRWTH","M","2023-01",6.3,
"EU27_2020","CPI","TOT_FOODENRG","AGRWTH","M","2023-02",6.6,
"EU27_2020","CPI","TOT_FOODENRG","AGRWTH","M","2023-03",6.6,
"EU27_2020","CPI","TOT_FOODENRG","AGRWTH","M","2023-04",6.5,
"EU27_2020","CPI","TOT_FOODENRG","AGRWTH","M","2023-05",6.1,
"EU27_2020","CPI","TOT_FOODENRG","AGRWTH","M","2023-06",6.2,
"EU27_2020","CPI","TOT_FOODENRG","AGRWTH","M","2023-07",6.2,
"EU27_2020","CPI","TOT_FOODENRG","AGRWTH","M","2023-08",5.9,
"EU27_2020","CPI","TOT_FOODENRG","AGRWTH","M","2023-09",5.1,
"EU27_2020","CPI","TOT_FOODENRG","AGRWTH","M","2023-10",4.8,
